player_id,player_name,season,league,team,role,age,ip,g,gs,k_pct,bb_pct,hr_fb,era,fip,home_pa,road_pa,home_era,road_era,park_id,source,is_synthetic
P-0451,CPBL Pitcher 1,2015,CPBL,CPBL-T7,pitcher,28.5,87.0,27.0,1.0,0.23498249979797747,0.05915145589610326,0.11717445456808798,2.763044199648881,3.201702018050299,191.4,182.70000000000002,2.1752602499646434,3.3508281493331182,CPBL-P3,synthetic,True
P-0452,CPBL Pitcher 2,2015,CPBL,CPBL-T7,pitcher,25.7,78.0,24.0,2.0,0.14007787645227884,0.06722410142752241,0.1633372615906794,4.6886513785196176,4.519438821418833,171.60000000000002,163.8,4.453276072268699,4.924026684770536,CPBL-P2,synthetic,True
P-0453,CPBL Pitcher 3,2015,CPBL,CPBL-T5,pitcher,30.6,167.0,21.0,10.0,0.20275871287065764,0.10300069793877989,0.165053025970575,5.271728357758669,4.464468932005849,367.40000000000003,350.7,5.139962341049855,5.403494374467484,CPBL-P3,synthetic,True
P-0455,CPBL Pitcher 5,2015,CPBL,CPBL-T5,pitcher,31.3,63.0,30.0,9.0,0.2479850557491191,0.09912608918156583,0.11888210916941137,3.972204734161407,3.5944537158799506,138.60000000000002,132.3,3.889859021814795,4.054550446508019,CPBL-P2,synthetic,True
P-0457,CPBL Pitcher 7,2015,CPBL,CPBL-T4,pitcher,25.7,107.0,31.0,3.0,0.16526005191422508,0.0448900911549515,0.1407016419220756,4.41828915950228,3.8236170977663737,235.4,224.70000000000002,4.278730330471025,4.557847988533536,CPBL-P2,synthetic,True
P-0458,CPBL Pitcher 8,2015,CPBL,CPBL-T3,pitcher,29.8,92.0,16.0,7.0,0.2018345660337833,0.13597403995934193,0.10095654799416683,5.261340503330309,4.226577431183506,202.4,193.20000000000002,5.181153838390578,5.341527168270039,CPBL-P1,synthetic,True
P-0459,CPBL Pitcher 9,2015,CPBL,CPBL-T5,pitcher,27.2,85.0,21.0,18.0,0.16755093166748602,0.09366293635026655,0.0739520617045327,2.9846785546848174,3.723068399908638,187.00000000000003,178.5,2.9086784142273245,3.06067869514231,CPBL-P3,synthetic,True
P-0461,CPBL Pitcher 11,2015,CPBL,CPBL-T4,pitcher,26.7,134.0,33.0,8.0,0.23625737297117358,0.09094931781168122,0.08090975326782812,3.7530429802710232,3.210430362649068,294.8,281.40000000000003,4.010951183821347,3.4951347767206995,CPBL-P5,synthetic,True
P-0464,CPBL Pitcher 14,2015,CPBL,CPBL-T5,pitcher,26.0,144.0,15.0,8.0,0.16273286454857955,0.1021391097814518,0.14313008754082865,4.586481242513978,4.555107276397072,316.8,302.40000000000003,4.442531356048438,4.730431128979518,CPBL-P5,synthetic,True
P-0465,CPBL Pitcher 15,2015,CPBL,CPBL-T3,pitcher,27.2,117.0,28.0,24.0,0.1981583678658111,0.06053738182203455,0.11085374399588781,3.300446028159509,3.4497190788968046,257.40000000000003,245.70000000000002,3.466418956666425,3.1344730996525927,CPBL-P5,synthetic,True
P-0466,CPBL Pitcher 16,2015,CPBL,CPBL-T1,pitcher,25.7,143.0,17.0,6.0,0.15263933659332432,0.05903088001393408,0.07970269740640795,3.4112314410401834,3.4842828414846942,314.6,300.3,3.738192051831695,3.0842708302486717,CPBL-P1,synthetic,True
P-0467,CPBL Pitcher 17,2015,CPBL,CPBL-T2,pitcher,26.2,114.0,20.0,17.0,0.15632152585686623,0.08549470839783661,0.12866112912091587,3.907320659228281,4.261975585128269,250.8,239.4,3.923199471987288,3.8914418464692746,CPBL-P5,synthetic,True
P-0468,CPBL Pitcher 18,2015,CPBL,CPBL-T5,pitcher,27.9,85.0,27.0,0.0,0.22340969659658902,0.09711968873376972,0.08663768405549502,3.441501967065507,3.444535532587474,187.00000000000003,178.5,3.727519670068671,3.155484264062343,CPBL-P5,synthetic,True
P-0469,CPBL Pitcher 19,2015,CPBL,CPBL-T1,pitcher,27.0,142.0,32.0,6.0,0.16039620254546588,0.0563884110614497,0.06716757230865165,3.3226437790595758,3.265167035460186,312.40000000000003,298.2,3.450505353757523,3.1947822043616285,CPBL-P3,synthetic,True
P-0470,CPBL Pitcher 20,2015,CPBL,CPBL-T4,pitcher,29.3,120.0,18.0,10.0,0.15971133328704645,0.08642079377070838,0.1031758920724386,3.799142654786939,3.991117779676515,264.0,252.0,4.1157863227172,3.4824989868566787,CPBL-P1,synthetic,True
P-0472,CPBL Pitcher 22,2015,CPBL,CPBL-T4,pitcher,31.5,161.0,17.0,12.0,0.16897802367575201,0.11027212908953805,0.14756650868170404,5.027201411871392,4.647106446485482,354.20000000000005,338.1,4.825357894554534,5.22904492918825,CPBL-P4,synthetic,True
P-0473,CPBL Pitcher 23,2015,CPBL,CPBL-T2,pitcher,29.4,108.0,21.0,20.0,0.10861556897932681,0.10527559713543651,0.12673659970158568,4.933608350507921,4.861748610806481,237.60000000000002,226.8,4.8175316764926865,5.049685024523155,CPBL-P4,synthetic,True
P-0474,CPBL Pitcher 24,2015,CPBL,CPBL-T5,pitcher,23.6,88.0,28.0,26.0,0.20436325161945693,0.07919902179374641,0.08638495835441137,3.292517420771969,3.379331832113415,193.60000000000002,184.8,2.759180732618472,3.825854108925466,CPBL-P2,synthetic,True
P-0475,CPBL Pitcher 25,2015,CPBL,CPBL-T6,pitcher,25.0,87.0,23.0,22.0,0.11681666760650686,0.0540489929625041,0.1220633126101006,4.116118165504437,4.134687700799001,191.4,182.70000000000002,4.054581011377685,4.177655319631189,CPBL-P5,synthetic,True
P-0476,CPBL Pitcher 26,2015,CPBL,CPBL-T5,pitcher,30.9,126.0,15.0,6.0,0.108963403230021,0.08829060382459249,0.10049963094708556,4.787401978461703,4.392776329525798,277.20000000000005,264.6,4.688536673543613,4.886267283379793,CPBL-P5,synthetic,True
P-0477,CPBL Pitcher 27,2015,CPBL,CPBL-T4,pitcher,24.7,130.0,32.0,2.0,0.19907483030266226,0.053546892553417665,0.07462612716263897,2.4525235296840595,2.996225339846104,286.0,273.0,2.429427409640539,2.47561964972758,CPBL-P3,synthetic,True
P-0479,CPBL Pitcher 29,2015,CPBL,CPBL-T2,pitcher,31.4,172.0,22.0,9.0,0.09917436953882178,0.11740353638086518,0.09946213685777489,4.862766714921737,4.810068848837558,378.40000000000003,361.2,5.212827108521974,4.512706321321499,CPBL-P5,synthetic,True
P-0480,CPBL Pitcher 30,2015,CPBL,CPBL-T3,pitcher,29.0,45.0,20.0,9.0,0.15098380476112636,0.11374801702186259,0.12376589623503943,4.420395147123967,4.594764728523734,99.00000000000001,94.5,4.070362676641979,4.7704276176059555,CPBL-P4,synthetic,True
P-0452,CPBL Pitcher 2,2016,CPBL,CPBL-T1,pitcher,25.9,117.0,16.0,13.0,0.1391302260988496,0.059727669181131954,0.1405876823215761,4.0881470260738,4.209567044598549,257.40000000000003,245.70000000000002,4.349592325989946,3.8267017261576544,CPBL-P5,synthetic,True
P-0453,CPBL Pitcher 3,2016,CPBL,CPBL-T7,pitcher,30.8,158.0,30.0,5.0,0.2115869693963998,0.11406249651839324,0.15706199101301532,4.355144882074319,4.446674113179674,347.6,331.8,4.65787831976896,4.052411444379677,CPBL-P2,synthetic,True
P-0454,CPBL Pitcher 4,2016,CPBL,CPBL-T3,pitcher,25.2,100.0,29.0,17.0,0.25352715312732066,0.08420581369922632,0.08070650377000554,3.5324423789404937,2.989317577072206,220.00000000000003,210.0,3.672803461019946,3.3920812968610417,CPBL-P1,synthetic,True
P-0455,CPBL Pitcher 5,2016,CPBL,CPBL-T7,pitcher,31.4,46.0,30.0,25.0,0.2077135737133133,0.11065105419813945,0.10178445580656699,4.1180005380342415,3.8839486187368366,101.2,96.60000000000001,4.360452605616273,3.87554847045221,CPBL-P5,synthetic,True
P-0456,CPBL Pitcher 6,2016,CPBL,CPBL-T2,pitcher,31.0,138.0,32.0,6.0,0.18535486614904526,0.13091274325670468,0.06911083688174118,3.942046850011799,3.9792223587055062,303.6,289.8,4.021825666081047,3.8622680339425512,CPBL-P5,synthetic,True
P-0457,CPBL Pitcher 7,2016,CPBL,CPBL-T2,pitcher,25.8,155.0,22.0,3.0,0.15858454527453147,0.03,0.1385584545477295,4.1342584351525975,3.6769081832810433,341.0,325.5,4.38913494145064,3.879381928854555,CPBL-P2,synthetic,True
P-0459,CPBL Pitcher 9,2016,CPBL,CPBL-T5,pitcher,27.3,70.0,16.0,3.0,0.1526677191246123,0.09603556408690159,0.07988372623703567,4.044168212771113,3.9299222784162775,154.0,147.0,4.307522403239352,3.7808140223028737,CPBL-P3,synthetic,True
P-0460,CPBL Pitcher 10,2016,CPBL,CPBL-T4,pitcher,31.4,181.0,16.0,10.0,0.1606057980654598,0.09719572572017837,0.049440622985721314,4.093590609514515,3.575908553975675,398.20000000000005,380.1,4.181568289064012,4.005612929965018,CPBL-P3,synthetic,True
P-0461,CPBL Pitcher 11,2016,CPBL,CPBL-T2,pitcher,26.8,163.0,20.0,14.0,0.22369556270208227,0.06581711164981925,0.09694674356305615,3.2218700620259515,3.169708273811735,358.6,342.3,3.155709600033142,3.288030524018761,CPBL-P1,synthetic,True
P-0463,CPBL Pitcher 13,2016,CPBL,CPBL-T7,pitcher,26.4,85.0,17.0,0.0,0.1783966115724789,0.0827763203719507,0.12452419970020974,4.252358142189596,4.011384948885675,187.00000000000003,178.5,3.5790032446418634,4.925713039737329,CPBL-P5,synthetic,True
P-0464,CPBL Pitcher 14,2016,CPBL,CPBL-T1,pitcher,26.1,128.0,27.0,18.0,0.18672061043285346,0.08439150642771541,0.11221838205923175,4.543839997271064,3.8411170142620747,281.6,268.8,4.596421259787575,4.491258734754553,CPBL-P3,synthetic,True
P-0465,CPBL Pitcher 15,2016,CPBL,CPBL-T1,pitcher,27.3,132.0,30.0,3.0,0.17361348993514733,0.06771139367600185,0.10913419704680843,3.6973922755832014,3.7149707750989283,290.40000000000003,277.2,3.695378099139236,3.6994064520271666,CPBL-P1,synthetic,True
P-0466,CPBL Pitcher 16,2016,CPBL,CPBL-T3,pitcher,25.9,49.0,30.0,0.0,0.12355416984076328,0.07544773181376195,0.09042981912617953,4.12403075848419,4.021237614300833,107.80000000000001,102.9,4.456703052295373,3.7913584646730083,CPBL-P5,synthetic,True
P-0468,CPBL Pitcher 18,2016,CPBL,CPBL-T3,pitcher,28.0,150.0,31.0,6.0,0.20642017898432397,0.1045659659769634,0.0816392859344001,4.310313651200976,3.61982301919297,330.0,315.0,4.38525924792567,4.2353680544762815,CPBL-P1,synthetic,True
P-0469,CPBL Pitcher 19,2016,CPBL,CPBL-T4,pitcher,27.1,117.0,24.0,23.0,0.1615374219505149,0.07468404648977071,0.05949784970477788,3.1007420759691646,3.3988876793209086,257.40000000000003,245.70000000000002,2.923814821062336,3.277669330875993,CPBL-P5,synthetic,True
P-0470,CPBL Pitcher 20,2016,CPBL,CPBL-T5,pitcher,29.5,156.0,22.0,11.0,0.17343292375464667,0.05755636479531674,0.10487065785277588,3.6378759771877163,3.5519195660343867,343.20000000000005,327.6,3.3635197772682788,3.9122321771071538,CPBL-P2,synthetic,True
P-0471,CPBL Pitcher 21,2016,CPBL,CPBL-T5,pitcher,29.9,83.0,24.0,14.0,0.12429340558621084,0.12199904714086121,0.12049095306395906,5.141579951917716,4.874550851640239,182.60000000000002,174.3,5.091241457549859,5.191918446285574,CPBL-P1,synthetic,True
P-0472,CPBL Pitcher 22,2016,CPBL,CPBL-T6,pitcher,31.7,74.0,27.0,7.0,0.16509636053031113,0.1086790588507536,0.12997054221147752,4.565834833984591,4.48308324408133,162.8,155.4,4.2216969198994345,4.909972748069748,CPBL-P2,synthetic,True
P-0473,CPBL Pitcher 23,2016,CPBL,CPBL-T6,pitcher,29.6,88.0,25.0,1.0,0.1492117102345838,0.10641814671947741,0.11238296133467374,3.9824831228813258,4.407153692103797,193.60000000000002,184.8,4.154086968241159,3.8108792775214932,CPBL-P3,synthetic,True
P-0474,CPBL Pitcher 24,2016,CPBL,CPBL-T7,pitcher,23.7,77.0,18.0,13.0,0.1755313004586539,0.10839189096998422,0.09151678138646281,3.9375916175392733,4.011620101835208,169.4,161.70000000000002,3.775719982128767,4.099463252949779,CPBL-P2,synthetic,True
P-0475,CPBL Pitcher 25,2016,CPBL,CPBL-T7,pitcher,25.2,158.0,19.0,5.0,0.09162038062319763,0.052873726544466065,0.1368274568749647,4.789125694148411,4.469796242297659,347.6,331.8,4.749161355525665,4.829090032771157,CPBL-P4,synthetic,True
P-0476,CPBL Pitcher 26,2016,CPBL,CPBL-T7,pitcher,31.0,90.0,28.0,9.0,0.11143895595085583,0.10747994267584066,0.1083961539745553,5.2253872922974285,4.682209204248794,198.00000000000003,189.0,5.255267764642359,5.195506819952498,CPBL-P5,synthetic,True
P-0477,CPBL Pitcher 27,2016,CPBL,CPBL-T5,pitcher,24.8,81.0,16.0,5.0,0.21481396730562327,0.06119481197130199,0.1017554442508682,3.722517643776916,3.2333804477193198,178.20000000000002,170.1,4.102913784821763,3.3421215027320694,CPBL-P2,synthetic,True
P-0478,CPBL Pitcher 28,2016,CPBL,CPBL-T3,pitcher,24.5,157.0,30.0,22.0,0.1986637151688332,0.11379908589767096,0.09683794484693356,4.0101081374535,3.9446587578907217,345.40000000000003,329.7,3.802056118494932,4.218160156412068,CPBL-P4,synthetic,True
P-0479,CPBL Pitcher 29,2016,CPBL,CPBL-T1,pitcher,31.6,154.0,17.0,12.0,0.10255135412887495,0.1291976903803559,0.10137630825662215,4.757388908601,4.943724534099493,338.8,323.40000000000003,4.261924396681291,5.25285342052071,CPBL-P3,synthetic,True
P-0480,CPBL Pitcher 30,2016,CPBL,CPBL-T3,pitcher,29.1,172.0,16.0,12.0,0.13347790894444164,0.1188763071185638,0.1265573989126728,5.311406309486202,4.824266402993961,378.40000000000003,361.2,5.4612726002848815,5.161540018687522,CPBL-P1,synthetic,True
P-0453,CPBL Pitcher 3,2017,CPBL,CPBL-T7,pitcher,30.9,169.0,21.0,6.0,0.19724090039997827,0.1046439411107501,0.1565086940491181,4.677757446388815,4.442887030620357,371.8,354.90000000000003,4.7761440475530765,4.579370845224554,CPBL-P2,synthetic,True
P-0454,CPBL Pitcher 4,2017,CPBL,CPBL-T6,pitcher,25.3,155.0,15.0,3.0,0.24481820421207068,0.06169279789657134,0.07981127289087041,2.8371446818864925,2.779880669970995,341.0,325.5,2.690159973655805,2.98412939011718,CPBL-P5,synthetic,True
P-0455,CPBL Pitcher 5,2017,CPBL,CPBL-T5,pitcher,31.6,155.0,17.0,14.0,0.2094660809705519,0.11639030726611342,0.11664994029032841,3.977410965159796,4.0874544423322305,341.0,325.5,4.257562786736051,3.6972591435835414,CPBL-P2,synthetic,True
P-0456,CPBL Pitcher 6,2017,CPBL,CPBL-T4,pitcher,31.1,164.0,25.0,12.0,0.19222582013396858,0.13080515747318194,0.07022959229704959,3.4071065291464144,3.934151251576931,360.8,344.40000000000003,3.2113961892384753,3.6028168690543536,CPBL-P5,synthetic,True
P-0457,CPBL Pitcher 7,2017,CPBL,CPBL-T2,pitcher,26.0,187.0,20.0,19.0,0.13526443024402557,0.04716252809487384,0.14787617475120124,4.002800511324669,4.162596642698293,411.40000000000003,392.7,4.028482387187972,3.977118635461367,CPBL-P3,synthetic,True
P-0458,CPBL Pitcher 8,2017,CPBL,CPBL-T6,pitcher,30.1,42.0,23.0,2.0,0.19399447982799337,0.13537529570677106,0.09571852826238077,3.8676235844139626,4.2297329924811145,92.4,88.2,4.5174883203280505,3.2177588484998747,CPBL-P4,synthetic,True
P-0459,CPBL Pitcher 9,2017,CPBL,CPBL-T6,pitcher,27.5,177.0,16.0,5.0,0.17416072210927735,0.09361351097430524,0.08891391898321864,3.4602028757356753,3.819215544649631,389.40000000000003,371.7,3.361400555474643,3.5590051959967077,CPBL-P4,synthetic,True
P-0460,CPBL Pitcher 10,2017,CPBL,CPBL-T7,pitcher,31.6,175.0,34.0,0.0,0.1754292825079284,0.10725339723081471,0.04260281688818919,3.9551840470604023,3.5096346755882415,385.00000000000006,367.5,3.7799482155094086,4.130419878611396,CPBL-P1,synthetic,True
P-0461,CPBL Pitcher 11,2017,CPBL,CPBL-T4,pitcher,27.0,61.0,24.0,10.0,0.19865595568099012,0.08600235785631499,0.06893788629943949,3.6419697280241206,3.332159511822254,134.20000000000002,128.1,3.9647786574095494,3.3191607986386917,CPBL-P5,synthetic,True
P-0462,CPBL Pitcher 12,2017,CPBL,CPBL-T6,pitcher,31.5,109.0,17.0,1.0,0.14484628968638885,0.10956632691455948,0.09737595302415575,4.945474985851825,4.32978513572516,239.8,228.9,4.816467811450447,5.074482160253203,CPBL-P4,synthetic,True
P-0463,CPBL Pitcher 13,2017,CPBL,CPBL-T4,pitcher,26.5,85.0,28.0,13.0,0.1841124595024082,0.06680806012634463,0.10785220981352682,3.2711277926841795,3.6073191436321386,187.00000000000003,178.5,2.992562881147184,3.549692704221175,CPBL-P2,synthetic,True
P-0464,CPBL Pitcher 14,2017,CPBL,CPBL-T7,pitcher,26.3,160.0,20.0,11.0,0.19966185861724606,0.08989133068731277,0.0958422273797917,3.4585728173932733,3.6398233731077014,352.0,336.0,3.1636329564442636,3.753512678342283,CPBL-P3,synthetic,True
P-0465,CPBL Pitcher 15,2017,CPBL,CPBL-T2,pitcher,27.5,129.0,28.0,20.0,0.16063819494102446,0.08080630856853097,0.10461459644643085,4.257738661869015,3.9307161077584842,283.8,270.90000000000003,4.145352946497187,4.370124377240844,CPBL-P4,synthetic,True
P-0466,CPBL Pitcher 16,2017,CPBL,CPBL-T6,pitcher,26.0,157.0,27.0,21.0,0.17585278404856508,0.05812454873194234,0.10248061993047736,4.00170218694614,3.515478511699561,345.40000000000003,329.7,4.099005137386871,3.90439923650541,CPBL-P1,synthetic,True
P-0467,CPBL Pitcher 17,2017,CPBL,CPBL-T4,pitcher,26.5,58.0,34.0,11.0,0.16508778876926028,0.08133084406813498,0.11030366478494208,4.243016053686987,3.9583044665129585,127.60000000000001,121.80000000000001,4.648998428959501,3.837033678414473,CPBL-P4,synthetic,True
P-0468,CPBL Pitcher 18,2017,CPBL,CPBL-T3,pitcher,28.2,166.0,28.0,11.0,0.23172569318860664,0.09805729122671429,0.08150890306542913,3.197351648915239,3.33797097986601,365.20000000000005,348.6,2.9892868673490947,3.4054164304813836,CPBL-P5,synthetic,True
P-0469,CPBL Pitcher 19,2017,CPBL,CPBL-T3,pitcher,27.3,157.0,34.0,7.0,0.16519260490882112,0.07519029287970394,0.07734007573821526,3.617525471792695,3.5541434326680306,345.40000000000003,329.7,3.91298336466889,3.3220675789164997,CPBL-P1,synthetic,True
P-0470,CPBL Pitcher 20,2017,CPBL,CPBL-T5,pitcher,29.6,105.0,25.0,21.0,0.13537280546770564,0.07113904021275978,0.10819249264077967,4.0837971269849636,4.0526109652192694,231.00000000000003,220.5,4.556093547477513,3.6115007064924143,CPBL-P5,synthetic,True
P-0472,CPBL Pitcher 22,2017,CPBL,CPBL-T3,pitcher,31.8,173.0,26.0,18.0,0.16107964585384138,0.10460878760294784,0.1383358359319306,4.147900282876644,4.55002664372395,380.6,363.3,4.235469765947374,4.0603307998059135,CPBL-P1,synthetic,True
P-0473,CPBL Pitcher 23,2017,CPBL,CPBL-T7,pitcher,29.7,107.0,19.0,4.0,0.156068790901601,0.10760114429288244,0.13704014629091985,5.019088578191277,4.61306486721098,235.4,224.70000000000002,4.583285647267358,5.454891509115196,CPBL-P2,synthetic,True
P-0475,CPBL Pitcher 25,2017,CPBL,CPBL-T1,pitcher,25.3,69.0,27.0,16.0,0.11868508173162377,0.05613845428808622,0.15014088978537227,4.113708551662654,4.4255896954577665,151.8,144.9,4.056206267525862,4.171210835799446,CPBL-P1,synthetic,True
P-0476,CPBL Pitcher 26,2017,CPBL,CPBL-T3,pitcher,31.2,181.0,27.0,20.0,0.11695194871961262,0.10272792505019326,0.1192363101628896,4.6898043261539035,4.689482612474315,398.20000000000005,380.1,5.055932103636741,4.323676548671066,CPBL-P2,synthetic,True
P-0477,CPBL Pitcher 27,2017,CPBL,CPBL-T6,pitcher,25.0,90.0,27.0,13.0,0.19555750514218612,0.066193255629073,0.0738218533709515,3.469027677625292,3.1680775601209024,198.00000000000003,189.0,3.5271557446148876,3.4108996106356964,CPBL-P1,synthetic,True
P-0478,CPBL Pitcher 28,2017,CPBL,CPBL-T7,pitcher,24.6,111.0,29.0,13.0,0.21907845766852774,0.10239872628221054,0.08842421572865106,4.545376243239515,3.5603992113248157,244.20000000000002,233.10000000000002,4.776110555553253,4.314641930925776,CPBL-P1,synthetic,True
P-0479,CPBL Pitcher 29,2017,CPBL,CPBL-T1,pitcher,31.7,106.0,23.0,7.0,0.09576360322920807,0.14765430935734897,0.10752442694944728,5.2248343186966295,5.280987155948996,233.20000000000002,222.60000000000002,5.466718046912038,4.982950590481221,CPBL-P2,synthetic,True
P-0480,CPBL Pitcher 30,2017,CPBL,CPBL-T6,pitcher,29.3,177.0,34.0,8.0,0.13459887054191955,0.14820424574243804,0.1281709707976786,5.481850126688351,5.183369692550686,389.40000000000003,371.7,5.786847146880194,5.176853106496508,CPBL-P1,synthetic,True
P-0452,CPBL Pitcher 2,2018,CPBL,CPBL-T7,pitcher,26.2,83.0,21.0,0.0,0.1359649369658714,0.0756590262463376,0.14899719628910416,4.924702823247939,4.5101607821201215,182.60000000000002,174.3,4.423404119770997,5.426001526724881,CPBL-P2,synthetic,True
P-0454,CPBL Pitcher 4,2018,CPBL,CPBL-T7,pitcher,25.5,171.0,34.0,11.0,0.24899967893647615,0.06030583910160984,0.09092337143214016,2.2590017346410534,2.8409063520489104,376.20000000000005,359.1,2.349810853677927,2.1681926156041795,CPBL-P5,synthetic,True
P-0455,CPBL Pitcher 5,2018,CPBL,CPBL-T6,pitcher,31.7,62.0,25.0,23.0,0.24052881673697774,0.10418470669760461,0.10356803553585243,3.713819991739334,3.5616663018339585,136.4,130.20000000000002,3.572245990061303,3.8553939934173656,CPBL-P4,synthetic,True
P-0456,CPBL Pitcher 6,2018,CPBL,CPBL-T5,pitcher,31.3,58.0,22.0,13.0,0.17204270524341053,0.12261825752241338,0.07202477682312881,3.8815038595829763,4.015325216552965,127.60000000000001,121.80000000000001,3.637176563560447,4.125831155605505,CPBL-P2,synthetic,True
P-0457,CPBL Pitcher 7,2018,CPBL,CPBL-T4,pitcher,26.1,169.0,25.0,9.0,0.17200938199004887,0.044166297399674655,0.12420982007394958,3.9237858055063626,3.5960187136152006,371.8,354.90000000000003,3.600791980536496,4.246779630476229,CPBL-P4,synthetic,True
P-0459,CPBL Pitcher 9,2018,CPBL,CPBL-T6,pitcher,27.6,95.0,29.0,20.0,0.18413912333708424,0.0920432120485218,0.09403287519299226,3.814798099026179,3.7717343098155105,209.00000000000003,199.5,3.853735762383833,3.775860435668525,CPBL-P5,synthetic,True
P-0460,CPBL Pitcher 10,2018,CPBL,CPBL-T6,pitcher,31.7,119.0,29.0,12.0,0.17192605252322307,0.11063600092295192,0.06162122361364861,3.790423368638318,3.768435827026125,261.8,249.9,3.8396396749789825,3.741207062297654,CPBL-P5,synthetic,True
P-0461,CPBL Pitcher 11,2018,CPBL,CPBL-T7,pitcher,27.1,44.0,28.0,21.0,0.20603870671613672,0.08303246875318068,0.0992657036925588,3.7687598583413857,3.5407370082346628,96.80000000000001,92.4,3.5878850329124705,3.949634683770301,CPBL-P5,synthetic,True
P-0462,CPBL Pitcher 12,2018,CPBL,CPBL-T7,pitcher,31.7,129.0,28.0,22.0,0.1625043864299799,0.11986718886313087,0.07888469346373257,4.127838504477482,4.1272181095550575,283.8,270.90000000000003,4.734881787183222,3.5207952217717406,CPBL-P3,synthetic,True
P-0463,CPBL Pitcher 13,2018,CPBL,CPBL-T2,pitcher,26.7,119.0,22.0,0.0,0.18434784976036286,0.08345804809017518,0.13209031060811563,4.209207837227274,4.047616885080355,261.8,249.9,4.296865559660601,4.121550114793948,CPBL-P1,synthetic,True
P-0464,CPBL Pitcher 14,2018,CPBL,CPBL-T2,pitcher,26.4,179.0,22.0,5.0,0.20125287667332808,0.0948674142587103,0.1140053278870419,3.678609620932065,3.8684392365883182,393.8,375.90000000000003,3.911836616325133,3.4453826255389974,CPBL-P2,synthetic,True
P-0465,CPBL Pitcher 15,2018,CPBL,CPBL-T1,pitcher,27.6,181.0,27.0,18.0,0.17793305286581462,0.056847026144428554,0.10174118720516746,3.966131477322743,3.4761117628583005,398.20000000000005,380.1,3.9902186953667167,3.9420442592787692,CPBL-P4,synthetic,True
P-0466,CPBL Pitcher 16,2018,CPBL,CPBL-T7,pitcher,26.2,46.0,17.0,14.0,0.1898720200246612,0.09111554990549146,0.08116907212311507,4.173030297547972,3.5861011598997585,101.2,96.60000000000001,4.180651791287237,4.165408803808707,CPBL-P1,synthetic,True
P-0467,CPBL Pitcher 17,2018,CPBL,CPBL-T3,pitcher,26.7,144.0,19.0,1.0,0.15455909210943283,0.07548244930421565,0.10637411268476567,3.509191848759496,3.933057781622782,316.8,302.40000000000003,3.677006695728861,3.3413770017901308,CPBL-P5,synthetic,True
P-0469,CPBL Pitcher 19,2018,CPBL,CPBL-T1,pitcher,27.4,144.0,24.0,7.0,0.17433344476686408,0.0745623564770555,0.07498259203672435,4.016412911803701,3.449906639956997,316.8,302.40000000000003,3.7027711850894254,4.330054638517977,CPBL-P4,synthetic,True
P-0470,CPBL Pitcher 20,2018,CPBL,CPBL-T7,pitcher,29.8,81.0,26.0,20.0,0.1468318892027666,0.09476588666824191,0.10737736486776345,4.048419923610831,4.236309175074405,178.20000000000002,170.1,4.098710313403292,3.9981295338183704,CPBL-P4,synthetic,True
P-0471,CPBL Pitcher 21,2018,CPBL,CPBL-T5,pitcher,30.2,45.0,23.0,9.0,0.1484634798739741,0.1280241249919839,0.13153829053421173,4.537337148785597,4.863964566254131,99.00000000000001,94.5,4.886920701174183,4.187753596397012,CPBL-P5,synthetic,True
P-0472,CPBL Pitcher 22,2018,CPBL,CPBL-T7,pitcher,32.0,100.0,19.0,11.0,0.13353954186375355,0.10816033957217341,0.14918511948440033,5.350868990179863,4.9214589348000555,220.00000000000003,210.0,5.517634570586996,5.18410340977273,CPBL-P4,synthetic,True
P-0473,CPBL Pitcher 23,2018,CPBL,CPBL-T1,pitcher,29.9,156.0,30.0,14.0,0.12512165272245346,0.10562837642604445,0.10815463004355975,4.4971586530338845,4.548113595768504,343.20000000000005,327.6,4.757659304549275,4.236658001518494,CPBL-P4,synthetic,True
P-0475,CPBL Pitcher 25,2018,CPBL,CPBL-T5,pitcher,25.5,86.0,16.0,10.0,0.12230368856531744,0.05529346395331151,0.14843486771856898,4.7331310324126195,4.369440736102889,189.20000000000002,180.6,3.89874645179535,5.567515613029888,CPBL-P5,synthetic,True
P-0477,CPBL Pitcher 27,2018,CPBL,CPBL-T1,pitcher,25.1,123.0,23.0,17.0,0.21572264712900943,0.04552895394206691,0.088617972766309,3.3113299415396664,2.9067459979358174,270.6,258.3,2.7922245912474732,3.8304352918318596,CPBL-P1,synthetic,True
P-0479,CPBL Pitcher 29,2018,CPBL,CPBL-T2,pitcher,31.9,78.0,15.0,8.0,0.13182798885128977,0.12835988800914108,0.07297229859836343,3.956814639767213,4.415417731283009,171.60000000000002,163.8,3.937492012493789,3.976137267040637,CPBL-P2,synthetic,True
P-0451,CPBL Pitcher 1,2019,CPBL,CPBL-T6,pitcher,29.1,116.0,29.0,19.0,0.2216776239161593,0.09136701745689836,0.10389252519985719,3.7925033346322783,3.561908470152078,255.20000000000002,243.60000000000002,3.681199406824884,3.9038072624396727,CPBL-P5,synthetic,True
P-0452,CPBL Pitcher 2,2019,CPBL,CPBL-T6,pitcher,26.3,114.0,18.0,9.0,0.17811250270570517,0.06675789746259551,0.16758755272228815,4.792167067704681,4.2520702751283865,250.8,239.4,4.715111065618673,4.869223069790689,CPBL-P5,synthetic,True
P-0453,CPBL Pitcher 3,2019,CPBL,CPBL-T6,pitcher,31.2,72.0,16.0,12.0,0.17235210084709832,0.08640465866524003,0.1538614032107324,4.85954669489794,4.3966531293134175,158.4,151.20000000000002,5.0881826441297635,4.6309107456661165,CPBL-P1,synthetic,True
P-0454,CPBL Pitcher 4,2019,CPBL,CPBL-T4,pitcher,25.6,188.0,18.0,7.0,0.2724474257712816,0.05413705134399824,0.09861991367066503,3.820769363931377,2.6562643466643765,413.6,394.8,3.80693104737798,3.834607680484774,CPBL-P1,synthetic,True
P-0455,CPBL Pitcher 5,2019,CPBL,CPBL-T5,pitcher,31.9,41.0,26.0,11.0,0.2225303030840349,0.08895570568395593,0.12084309844106983,4.1840167394367045,3.6956570279458902,90.2,86.10000000000001,4.396067688655367,3.9719657902180425,CPBL-P2,synthetic,True
P-0456,CPBL Pitcher 6,2019,CPBL,CPBL-T2,pitcher,31.4,141.0,30.0,20.0,0.1753364256155023,0.15604890587905426,0.07515399365005176,4.334601994958259,4.42143540212515,310.20000000000005,296.1,4.363519048052714,4.305684941863804,CPBL-P4,synthetic,True
P-0457,CPBL Pitcher 7,2019,CPBL,CPBL-T5,pitcher,26.3,178.0,22.0,21.0,0.14512993966234022,0.03489741622512628,0.12936003458190812,3.546220013971291,3.751329823221875,391.6,373.8,3.7473027300868673,3.345137297855715,CPBL-P1,synthetic,True
P-0458,CPBL Pitcher 8,2019,CPBL,CPBL-T3,pitcher,30.4,130.0,29.0,11.0,0.17548226859240318,0.1621854764674929,0.09809256514411462,4.759217069430828,4.723293220311835,286.0,273.0,4.843739126431441,4.674695012430215,CPBL-P1,synthetic,True
P-0459,CPBL Pitcher 9,2019,CPBL,CPBL-T4,pitcher,27.8,115.0,34.0,20.0,0.17738253612836039,0.09872225310911728,0.08287161173392092,3.848617899581695,3.7943228656217336,253.00000000000003,241.5,3.7413416967092994,3.9558941024540903,CPBL-P3,synthetic,True
P-0460,CPBL Pitcher 10,2019,CPBL,CPBL-T3,pitcher,31.9,184.0,31.0,16.0,0.18251572157679224,0.11235294276098806,0.05588902531656344,3.739488066073985,3.646999793683153,404.8,386.40000000000003,3.5614587555482853,3.917517376599685,CPBL-P3,synthetic,True
P-0461,CPBL Pitcher 11,2019,CPBL,CPBL-T5,pitcher,27.3,43.0,28.0,20.0,0.2178028758940742,0.08320660932441605,0.08677454171638002,3.483293749453192,3.3238017219041995,94.60000000000001,90.3,3.2657391705572816,3.7008483283491027,CPBL-P1,synthetic,True
P-0462,CPBL Pitcher 12,2019,CPBL,CPBL-T2,pitcher,31.8,121.0,21.0,11.0,0.1437759364370278,0.11953738040148065,0.09866492572294323,4.832390335780913,4.470890330550978,266.20000000000005,254.10000000000002,4.778251774417237,4.886528897144588,CPBL-P2,synthetic,True
P-0463,CPBL Pitcher 13,2019,CPBL,CPBL-T2,pitcher,26.8,50.0,31.0,5.0,0.16286070796407928,0.08744699710587088,0.13942518827961564,3.96255464736787,4.340730184353973,110.00000000000001,105.0,4.374547117560557,3.550562177175183,CPBL-P2,synthetic,True
P-0464,CPBL Pitcher 14,2019,CPBL,CPBL-T2,pitcher,26.6,96.0,33.0,29.0,0.1737289043017595,0.09430689682019615,0.12356040770088295,4.593752640861507,4.177455604437107,211.20000000000002,201.60000000000002,4.837252320096674,4.350252961626341,CPBL-P1,synthetic,True
P-0465,CPBL Pitcher 15,2019,CPBL,CPBL-T7,pitcher,27.8,188.0,23.0,21.0,0.2013395644389993,0.06823525139151064,0.09562934903272563,3.613834827810743,3.3643999915133893,413.6,394.8,3.196977337629055,4.030692317992431,CPBL-P1,synthetic,True
P-0467,CPBL Pitcher 17,2019,CPBL,CPBL-T3,pitcher,26.8,160.0,29.0,23.0,0.16027387509905539,0.10098871483422157,0.1262053920721886,4.877297442644325,4.391727497940102,352.0,336.0,4.768112888309164,4.986481996979486,CPBL-P2,synthetic,True
P-0468,CPBL Pitcher 18,2019,CPBL,CPBL-T7,pitcher,28.5,152.0,30.0,13.0,0.21721906855512613,0.09970689146054054,0.08433929152508791,3.3609610232745144,3.5021230643363572,334.40000000000003,319.2,3.469414851433935,3.252507195115094,CPBL-P2,synthetic,True
P-0469,CPBL Pitcher 19,2019,CPBL,CPBL-T3,pitcher,27.6,40.0,30.0,8.0,0.18761597266956584,0.06962146907182211,0.06775135110567662,3.133762072179703,3.212043358562105,88.0,84.0,2.991463874682519,3.2760602696768872,CPBL-P1,synthetic,True
P-0470,CPBL Pitcher 20,2019,CPBL,CPBL-T7,pitcher,29.9,128.0,21.0,8.0,0.13992150414624532,0.06090600668630086,0.0904601514216534,4.420352520347666,3.7161015612821817,281.6,268.8,4.455425223819758,4.385279816875573,CPBL-P2,synthetic,True
P-0471,CPBL Pitcher 21,2019,CPBL,CPBL-T7,pitcher,30.4,56.0,18.0,7.0,0.17768828854003121,0.13504587589737166,0.11642428615239038,3.7362006677995896,4.563287063972115,123.20000000000002,117.60000000000001,3.6021691056182568,3.8702322299809224,CPBL-P5,synthetic,True
P-0472,CPBL Pitcher 22,2019,CPBL,CPBL-T3,pitcher,32.1,108.0,26.0,2.0,0.1434857830660614,0.11261439903650218,0.11551205817700554,4.641280551061471,4.558607105679591,237.60000000000002,226.8,4.568635743291965,4.713925358830977,CPBL-P1,synthetic,True
P-0473,CPBL Pitcher 23,2019,CPBL,CPBL-T2,pitcher,30.0,96.0,27.0,18.0,0.13967136558572874,0.09356831758646403,0.11676708897556504,4.9760931035058285,4.373119776107389,211.20000000000002,201.60000000000002,4.899368666619523,5.052817540392134,CPBL-P3,synthetic,True
P-0475,CPBL Pitcher 25,2019,CPBL,CPBL-T5,pitcher,25.6,122.0,23.0,18.0,0.14786986978050923,0.0471994316594018,0.14879133840319597,4.4291631854430475,4.071347605700708,268.40000000000003,256.2,5.048761179711654,3.809565191174441,CPBL-P4,synthetic,True
P-0476,CPBL Pitcher 26,2019,CPBL,CPBL-T3,pitcher,31.5,124.0,31.0,29.0,0.10829130570224726,0.0982324505654258,0.094272890916533,4.821495741373314,4.455187870332462,272.8,260.40000000000003,4.564866190674766,5.078125292071863,CPBL-P1,synthetic,True
P-0477,CPBL Pitcher 27,2019,CPBL,CPBL-T6,pitcher,25.3,79.0,27.0,17.0,0.18804554362052134,0.0590792261055331,0.0697754530408178,3.1361623034665085,3.1023408947104048,173.8,165.9,2.9085320212139694,3.3637925857190476,CPBL-P2,synthetic,True
P-0478,CPBL Pitcher 28,2019,CPBL,CPBL-T3,pitcher,24.9,83.0,32.0,9.0,0.18886913946263292,0.11748729850318669,0.10508964789436999,4.251883358345198,4.149790945280876,182.60000000000002,174.3,4.28100621614461,4.222760500545786,CPBL-P2,synthetic,True
P-0479,CPBL Pitcher 29,2019,CPBL,CPBL-T1,pitcher,32.0,133.0,32.0,28.0,0.11569225187476254,0.12412663340141732,0.08638726614649393,4.882066567151255,4.627854247283847,292.6,279.3,5.089736648770558,4.674396485531951,CPBL-P5,synthetic,True
P-0480,CPBL Pitcher 30,2019,CPBL,CPBL-T2,pitcher,29.6,128.0,24.0,15.0,0.15429820337508685,0.11868571948655103,0.11597268839514502,4.720562974582843,4.549569890789368,281.6,268.8,4.673100567996727,4.768025381168959,CPBL-P5,synthetic,True
P-0451,CPBL Pitcher 1,2020,CPBL,CPBL-T7,pitcher,29.2,52.0,21.0,10.0,0.16366854447920248,0.08878305018036814,0.09355420746503353,3.96949667076256,3.891590320981133,114.4,109.2,3.832607739549684,4.106385601975436,CPBL-P1,synthetic,True
P-0452,CPBL Pitcher 2,2020,CPBL,CPBL-T2,pitcher,26.5,181.0,22.0,6.0,0.17827684029544524,0.0679722195161259,0.16281062874183772,4.2203449596731195,4.217558199248327,398.20000000000005,380.1,4.430955764197429,4.00973415514881,CPBL-P1,synthetic,True
P-0453,CPBL Pitcher 3,2020,CPBL,CPBL-T7,pitcher,31.4,73.0,34.0,3.0,0.1830505177031101,0.10088855673871555,0.16611512957576807,4.86954193757078,4.607409834997386,160.60000000000002,153.3,4.814103858602325,4.9249800165392355,CPBL-P4,synthetic,True
P-0454,CPBL Pitcher 4,2020,CPBL,CPBL-T7,pitcher,25.8,56.0,15.0,6.0,0.24739068681138252,0.0775409124534851,0.08720568151312852,3.3345697060014357,3.023422270082046,123.20000000000002,117.60000000000001,3.2408992413082864,3.428240170694585,CPBL-P2,synthetic,True
P-0456,CPBL Pitcher 6,2020,CPBL,CPBL-T6,pitcher,31.6,140.0,28.0,3.0,0.1808161179659001,0.14228995129746025,0.07669217792835104,4.378711897112245,4.227872251125833,308.0,294.0,4.28127039436621,4.47615339985828,CPBL-P4,synthetic,True
P-0457,CPBL Pitcher 7,2020,CPBL,CPBL-T5,pitcher,26.4,99.0,15.0,13.0,0.1897367226778877,0.03133481077753404,0.1384417371763077,3.688574266529805,3.4425413196703847,217.8,207.9,3.8055065963408783,3.5716419367187315,CPBL-P5,synthetic,True
P-0458,CPBL Pitcher 8,2020,CPBL,CPBL-T2,pitcher,30.5,138.0,23.0,5.0,0.17647821281130574,0.1271562080162904,0.11208766030564725,5.151054758651468,4.434925396761511,303.6,289.8,4.612742279358237,5.689367237944699,CPBL-P3,synthetic,True
P-0459,CPBL Pitcher 9,2020,CPBL,CPBL-T2,pitcher,27.9,103.0,32.0,3.0,0.17073216004516797,0.09907548013431766,0.0905388888473153,3.9799077534688916,3.9284373697236212,226.60000000000002,216.3,4.2067236404547055,3.7530918664830777,CPBL-P1,synthetic,True
P-0460,CPBL Pitcher 10,2020,CPBL,CPBL-T3,pitcher,32.0,170.0,26.0,16.0,0.1469705548512973,0.10662667437181385,0.0732324217247495,4.148754119612066,4.036079870898883,374.00000000000006,357.0,3.7270520754670025,4.570456163757131,CPBL-P3,synthetic,True
P-0461,CPBL Pitcher 11,2020,CPBL,CPBL-T6,pitcher,27.4,186.0,23.0,18.0,0.2154177622084504,0.08739088787470348,0.08549880374168468,3.806237555719238,3.3803365942456853,409.20000000000005,390.6,4.165917012678792,3.4465580987596844,CPBL-P5,synthetic,True
P-0462,CPBL Pitcher 12,2020,CPBL,CPBL-T7,pitcher,32.0,144.0,25.0,10.0,0.14384418126275517,0.10118609921828511,0.07452430313550597,3.987223083971569,4.00872277187244,316.8,302.40000000000003,4.175089986680893,3.7993561812622447,CPBL-P1,synthetic,True
P-0463,CPBL Pitcher 13,2020,CPBL,CPBL-T7,pitcher,27.0,100.0,24.0,5.0,0.19926316901499852,0.08657841989169421,0.12075755935802561,4.018532040595977,3.8524112801605987,220.00000000000003,210.0,4.401117797536007,3.6359462836559464,CPBL-P2,synthetic,True
P-0464,CPBL Pitcher 14,2020,CPBL,CPBL-T3,pitcher,26.7,127.0,22.0,8.0,0.1885966287524628,0.09196273163212892,0.11018060907284806,3.86909429370659,3.896585840294325,279.40000000000003,266.7,4.049575551453963,3.6886130359592166,CPBL-P4,synthetic,True
P-0465,CPBL Pitcher 15,2020,CPBL,CPBL-T2,pitcher,27.9,135.0,33.0,17.0,0.12940852970295671,0.06212806929663001,0.09780752635689585,3.550551641195405,3.888343857504865,297.0,283.5,3.5471222174833223,3.553981064907487,CPBL-P4,synthetic,True
P-0466,CPBL Pitcher 16,2020,CPBL,CPBL-T3,pitcher,26.5,62.0,26.0,22.0,0.19837203046716376,0.0431011348251436,0.09048494486473509,3.3980904144879664,3.0350868228117642,136.4,130.20000000000002,3.7421943580107992,3.0539864709651336,CPBL-P1,synthetic,True
P-0468,CPBL Pitcher 18,2020,CPBL,CPBL-T2,pitcher,28.6,125.0,28.0,12.0,0.21354914494699348,0.08359646211227864,0.07777961559516583,3.254431384479799,3.2725605417230534,275.0,262.5,3.282302496305868,3.22656027265373,CPBL-P5,synthetic,True
P-0469,CPBL Pitcher 19,2020,CPBL,CPBL-T4,pitcher,27.7,43.0,20.0,15.0,0.18656409671141472,0.044190070882433985,0.08107202683584427,3.4253802760269307,3.0484883452563327,94.60000000000001,90.3,3.310750444344952,3.5400101077089094,CPBL-P2,synthetic,True
P-0470,CPBL Pitcher 20,2020,CPBL,CPBL-T7,pitcher,30.1,76.0,16.0,11.0,0.15771863932958718,0.0782978539741915,0.10288264041030601,4.255101577420858,3.9066515371566606,167.20000000000002,159.6,4.317430343806088,4.192772811035627,CPBL-P3,synthetic,True
P-0471,CPBL Pitcher 21,2020,CPBL,CPBL-T2,pitcher,30.5,135.0,28.0,15.0,0.16630547824307718,0.14513159582743887,0.10437595097933106,5.214783227442128,4.654894833777959,297.0,283.5,5.181218765297826,5.24834768958643,CPBL-P5,synthetic,True
P-0472,CPBL Pitcher 22,2020,CPBL,CPBL-T6,pitcher,32.3,45.0,18.0,4.0,0.13837703138537846,0.1035376658789749,0.1327734556029456,4.33630394370364,4.663170295494127,99.00000000000001,94.5,4.537451957601203,4.135155929806077,CPBL-P5,synthetic,True
P-0473,CPBL Pitcher 23,2020,CPBL,CPBL-T5,pitcher,30.2,89.0,29.0,11.0,0.11575988618460556,0.1084870175701567,0.11385719441056537,5.242919345636456,4.714337065470691,195.8,186.9,5.1698535047682315,5.3159851865046805,CPBL-P1,synthetic,True
P-0474,CPBL Pitcher 24,2020,CPBL,CPBL-T4,pitcher,24.3,127.0,17.0,12.0,0.1782207433994381,0.1084215911848072,0.0868482964018894,3.849686907040369,3.9437761110410756,279.40000000000003,266.7,4.024811418238973,3.6745623958417655,CPBL-P5,synthetic,True
P-0477,CPBL Pitcher 27,2020,CPBL,CPBL-T3,pitcher,25.4,55.0,27.0,4.0,0.1789867992863689,0.05753792409673424,0.08578369804025479,3.183528746568708,3.3163976752724076,121.00000000000001,115.5,3.1136635547966702,3.253393938340746,CPBL-P3,synthetic,True
P-0478,CPBL Pitcher 28,2020,CPBL,CPBL-T5,pitcher,25.1,138.0,18.0,3.0,0.18632653201869,0.10670490661741021,0.06863361309489809,3.4937509197808363,3.676182754208384,303.6,289.8,3.031810930606228,3.9556909089554444,CPBL-P2,synthetic,True
P-0479,CPBL Pitcher 29,2020,CPBL,CPBL-T3,pitcher,32.2,184.0,23.0,18.0,0.08701489372917454,0.1412644621586273,0.08509174818985381,5.349894623597807,5.0499718779686695,404.8,386.40000000000003,5.548183894692129,5.151605352503485,CPBL-P4,synthetic,True
P-0480,CPBL Pitcher 30,2020,CPBL,CPBL-T5,pitcher,29.7,44.0,32.0,8.0,0.16452774776636622,0.12117032706590204,0.12671107956625055,4.953573041851086,4.6049327383224,96.80000000000001,92.4,5.205363961721173,4.701782121980998,CPBL-P1,synthetic,True
P-0451,CPBL Pitcher 1,2021,CPBL,CPBL-T2,pitcher,29.4,66.0,26.0,9.0,0.22512207408458115,0.07917435016109754,0.12337988659132193,3.5849594677427907,3.5829144751697406,145.20000000000002,138.6,3.402372717305726,3.7675462181798554,CPBL-P3,synthetic,True
P-0452,CPBL Pitcher 2,2021,CPBL,CPBL-T6,pitcher,26.6,65.0,31.0,6.0,0.14319746605716555,0.10023309516657569,0.16419256785110384,4.568234442433755,4.899143092052622,143.0,136.5,4.326291322771169,4.8101775620963405,CPBL-P4,synthetic,True
P-0453,CPBL Pitcher 3,2021,CPBL,CPBL-T6,pitcher,31.5,65.0,22.0,4.0,0.18153354647608577,0.11355432973947466,0.1710304146204269,5.068615618937342,4.820687731269278,143.0,136.5,4.938455275508931,5.198775962365753,CPBL-P1,synthetic,True
P-0456,CPBL Pitcher 6,2021,CPBL,CPBL-T7,pitcher,31.7,182.0,29.0,0.0,0.16845593521232016,0.13798004298212702,0.09044140781489249,4.8518043173567555,4.412527112235888,400.40000000000003,382.2,4.870473625282878,4.833135009430633,CPBL-P5,synthetic,True
P-0457,CPBL Pitcher 7,2021,CPBL,CPBL-T3,pitcher,26.6,183.0,27.0,10.0,0.19041863671202489,0.03,0.13041116533053876,2.957017731673987,3.340762559609188,402.6,384.3,2.650560352287935,3.2634751110600395,CPBL-P4,synthetic,True
P-0458,CPBL Pitcher 8,2021,CPBL,CPBL-T3,pitcher,30.7,99.0,15.0,6.0,0.18490986042989224,0.12596985821054696,0.08935670497057567,3.510189735383609,4.125926464793183,217.8,207.9,3.253695444614708,3.76668402615251,CPBL-P3,synthetic,True
P-0459,CPBL Pitcher 9,2021,CPBL,CPBL-T5,pitcher,28.1,121.0,29.0,3.0,0.1685032749938923,0.1138892555364442,0.11312221558333632,4.412617282089875,4.349867022319556,266.20000000000005,254.10000000000002,4.345922217902595,4.479312346277155,CPBL-P2,synthetic,True
P-0460,CPBL Pitcher 10,2021,CPBL,CPBL-T1,pitcher,32.2,68.0,15.0,6.0,0.15003781317685513,0.10861293004388571,0.0625178651707421,3.8313159825973493,3.928231306819208,149.60000000000002,142.8,3.7303700586964017,3.932261906498297,CPBL-P2,synthetic,True
P-0461,CPBL Pitcher 11,2021,CPBL,CPBL-T4,pitcher,27.6,149.0,28.0,13.0,0.2208020523629865,0.0922524629920641,0.08823704393856947,4.26051303660634,3.422983576386572,327.8,312.90000000000003,4.578901345205975,3.9421247280067044,CPBL-P4,synthetic,True
P-0462,CPBL Pitcher 12,2021,CPBL,CPBL-T2,pitcher,32.1,96.0,23.0,5.0,0.15298495405161097,0.11440879429176207,0.08726462920469527,4.239521035508837,4.22167219113521,211.20000000000002,201.60000000000002,4.028140244884268,4.450901826133405,CPBL-P1,synthetic,True
P-0463,CPBL Pitcher 13,2021,CPBL,CPBL-T1,pitcher,27.1,52.0,23.0,3.0,0.1535614071361573,0.08662516181117963,0.12428599089794307,4.71941961282498,4.253870593624328,114.4,109.2,5.035802547397487,4.403036678252474,CPBL-P1,synthetic,True
P-0464,CPBL Pitcher 14,2021,CPBL,CPBL-T1,pitcher,26.9,138.0,16.0,6.0,0.1958588790417795,0.09338273699990346,0.11744421571479347,4.206426421740452,3.9281639688125405,303.6,289.8,4.413147415589833,3.9997054278910706,CPBL-P1,synthetic,True
P-0465,CPBL Pitcher 15,2021,CPBL,CPBL-T6,pitcher,28.1,77.0,18.0,11.0,0.18186823681187336,0.07508630342450182,0.09585620259654436,4.120461309646613,3.6046517725644787,169.4,161.70000000000002,4.191008122669379,4.049914496623847,CPBL-P5,synthetic,True
P-0467,CPBL Pitcher 17,2021,CPBL,CPBL-T7,pitcher,27.1,65.0,32.0,5.0,0.170453619606998,0.08405580602952045,0.12003776631575981,3.9450933108116315,4.04541837865586,143.0,136.5,3.99141660159951,3.898770020023753,CPBL-P2,synthetic,True
P-0468,CPBL Pitcher 18,2021,CPBL,CPBL-T2,pitcher,28.8,132.0,30.0,8.0,0.19906279552724307,0.10003949398535034,0.08793085438780027,3.8547153821020994,3.6872801074842623,290.40000000000003,277.2,3.6500494013723492,4.05938136283185,CPBL-P1,synthetic,True
P-0469,CPBL Pitcher 19,2021,CPBL,CPBL-T6,pitcher,27.9,62.0,15.0,4.0,0.16274946614367186,0.06209055473597116,0.07982758633169498,3.702838563270758,3.4413667909992287,136.4,130.20000000000002,3.577484566525126,3.8281925600163897,CPBL-P4,synthetic,True
P-0470,CPBL Pitcher 20,2021,CPBL,CPBL-T2,pitcher,30.2,149.0,18.0,10.0,0.1782088575664967,0.07575736843318047,0.1041568383978001,3.8689584145307894,3.7249859446441933,327.8,312.90000000000003,3.7625836402223753,3.9753331888392034,CPBL-P4,synthetic,True
P-0471,CPBL Pitcher 21,2021,CPBL,CPBL-T5,pitcher,30.7,158.0,34.0,14.0,0.14531552785893234,0.1468507263059989,0.12522845384701137,5.264661084731947,5.051969031270643,347.6,331.8,5.941928795344452,4.587393374119442,CPBL-P1,synthetic,True
P-0472,CPBL Pitcher 22,2021,CPBL,CPBL-T3,pitcher,32.4,147.0,20.0,11.0,0.11678091237428609,0.0855094895685194,0.1484565516355165,4.583265387924269,4.776432092183109,323.40000000000003,308.7,4.717718278057466,4.448812497791072,CPBL-P2,synthetic,True
P-0473,CPBL Pitcher 23,2021,CPBL,CPBL-T7,pitcher,30.3,83.0,22.0,6.0,0.14269471053073532,0.09620014233867343,0.1067974345248024,4.328853324392797,4.280818369066223,182.60000000000002,174.3,4.355919832275022,4.301786816510571,CPBL-P1,synthetic,True
P-0474,CPBL Pitcher 24,2021,CPBL,CPBL-T6,pitcher,24.5,78.0,19.0,7.0,0.17426974375388865,0.10825773459370745,0.09559318346116596,3.288203357192163,4.06086669970504,171.60000000000002,163.8,3.5371802920031428,3.0392264223811836,CPBL-P5,synthetic,True
P-0475,CPBL Pitcher 25,2021,CPBL,CPBL-T4,pitcher,25.9,55.0,16.0,0.0,0.12081827604772515,0.044955081546903794,0.1191889008836705,4.463012417444137,3.9648037790177493,121.00000000000001,115.5,4.913206442396967,4.012818392491307,CPBL-P5,synthetic,True
P-0477,CPBL Pitcher 27,2021,CPBL,CPBL-T2,pitcher,25.6,45.0,18.0,6.0,0.20154868166274434,0.07187402080884057,0.07608711186115652,3.2296758097218827,3.210969915015698,99.00000000000001,94.5,2.8821100248392453,3.57724159460452,CPBL-P2,synthetic,True
P-0479,CPBL Pitcher 29,2021,CPBL,CPBL-T5,pitcher,32.3,91.0,22.0,5.0,0.0928118594259067,0.13601699878686566,0.08656347683413869,4.964648523745073,4.955343878376521,200.20000000000002,191.1,5.1286606698671875,4.800636377622958,CPBL-P1,synthetic,True
P-0480,CPBL Pitcher 30,2021,CPBL,CPBL-T4,pitcher,29.9,183.0,32.0,11.0,0.12455092545586517,0.13157350864735823,0.12616806449710954,5.083625156530702,5.044155345092474,402.6,384.3,5.336776572885509,4.830473740175894,CPBL-P5,synthetic,True
P-0451,CPBL Pitcher 1,2022,CPBL,CPBL-T4,pitcher,29.5,46.0,33.0,20.0,0.2026039318136154,0.07476753180704841,0.11263902555300115,3.7154857965803885,3.6027691827056696,101.2,96.60000000000001,4.003916079946119,3.427055513214657,CPBL-P2,synthetic,True
P-0452,CPBL Pitcher 2,2022,CPBL,CPBL-T4,pitcher,26.8,45.0,21.0,18.0,0.1497183352512943,0.07510494829878861,0.16579373290613314,4.95733628128879,4.56145002663644,99.00000000000001,94.5,4.464258810262936,5.4504137523146445,CPBL-P1,synthetic,True
P-0453,CPBL Pitcher 3,2022,CPBL,CPBL-T3,pitcher,31.7,93.0,17.0,8.0,0.21452375661117618,0.11580104120752929,0.17357836754889466,4.510150452830669,4.609206117089888,204.60000000000002,195.3,4.2951202823395205,4.725180623321818,CPBL-P5,synthetic,True
P-0455,CPBL Pitcher 5,2022,CPBL,CPBL-T7,pitcher,32.3,179.0,34.0,11.0,0.22465105770384503,0.120434432369851,0.12664093464971687,4.395208195881354,4.114414073304621,393.8,375.90000000000003,4.266642751917707,4.523773639845001,CPBL-P2,synthetic,True
P-0456,CPBL Pitcher 6,2022,CPBL,CPBL-T2,pitcher,31.9,61.0,28.0,3.0,0.16318772575933968,0.13586058994127778,0.0898375055812625,4.71251614209214,4.423200329033241,134.20000000000002,128.1,4.722564479829102,4.7024678043551775,CPBL-P5,synthetic,True
P-0458,CPBL Pitcher 8,2022,CPBL,CPBL-T6,pitcher,30.8,114.0,17.0,3.0,0.17289181207363713,0.12859497333360023,0.09630788118987565,5.360959073337507,4.323083995312863,250.8,239.4,5.4732059047658685,5.248712241909145,CPBL-P5,synthetic,True
P-0459,CPBL Pitcher 9,2022,CPBL,CPBL-T2,pitcher,28.2,175.0,18.0,14.0,0.1707427971101829,0.09111873651029347,0.09747039492407414,4.055406980755467,3.9021864104827997,385.00000000000006,367.5,4.116005182744329,3.9948087787666045,CPBL-P5,synthetic,True
P-0460,CPBL Pitcher 10,2022,CPBL,CPBL-T3,pitcher,32.3,176.0,18.0,17.0,0.1699111459599665,0.1111261222697496,0.07199303764571617,3.8000339129352656,3.8941546760144248,387.20000000000005,369.6,3.3825386674060445,4.217529158464487,CPBL-P1,synthetic,True
P-0461,CPBL Pitcher 11,2022,CPBL,CPBL-T2,pitcher,27.7,78.0,19.0,0.0,0.2131875426176542,0.0731121645551436,0.0938644528849722,3.8874537893611025,3.3104901625702112,171.60000000000002,163.8,3.6529852967962224,4.121922281925983,CPBL-P5,synthetic,True
P-0464,CPBL Pitcher 14,2022,CPBL,CPBL-T4,pitcher,27.0,158.0,29.0,18.0,0.19791574540947762,0.10167451430601376,0.1349013153882567,4.300595753309445,4.185781362278911,347.6,331.8,4.149525191809915,4.451666314808976,CPBL-P5,synthetic,True
P-0465,CPBL Pitcher 15,2022,CPBL,CPBL-T7,pitcher,28.2,170.0,31.0,20.0,0.16410819478971525,0.07674849007599174,0.0999047697234876,3.4225505221401957,3.807164019829055,374.00000000000006,357.0,3.262199717880377,3.5829013264000142,CPBL-P4,synthetic,True
P-0466,CPBL Pitcher 16,2022,CPBL,CPBL-T2,pitcher,26.8,175.0,32.0,19.0,0.1706496660235076,0.07516396855509734,0.09383162432583116,3.8169366358534385,3.675086537731419,385.00000000000006,367.5,3.928439397102938,3.705433874603939,CPBL-P1,synthetic,True
P-0467,CPBL Pitcher 17,2022,CPBL,CPBL-T1,pitcher,27.3,68.0,26.0,11.0,0.15644957056118275,0.09267531023991436,0.10723698679730546,4.552634679723245,4.132877026362565,149.60000000000002,142.8,4.721488685644059,4.383780673802431,CPBL-P4,synthetic,True
P-0469,CPBL Pitcher 19,2022,CPBL,CPBL-T7,pitcher,28.0,42.0,19.0,2.0,0.15192750028379762,0.0676219445752839,0.06703512504181733,3.335112889832651,3.4663945830511995,92.4,88.2,3.570289485605308,3.0999362940599946,CPBL-P5,synthetic,True
P-0470,CPBL Pitcher 20,2022,CPBL,CPBL-T5,pitcher,30.4,51.0,22.0,16.0,0.1354564882656328,0.06478547666370701,0.09733726068469212,3.863328249467211,3.867146420686343,112.2,107.10000000000001,3.7907978763373835,3.9358586225970384,CPBL-P5,synthetic,True
P-0471,CPBL Pitcher 21,2022,CPBL,CPBL-T3,pitcher,30.8,144.0,21.0,4.0,0.139982771472976,0.14888255653519114,0.12374382966778211,5.341920986713978,5.104166803316307,316.8,302.40000000000003,5.380294699547244,5.303547273880712,CPBL-P4,synthetic,True
P-0472,CPBL Pitcher 22,2022,CPBL,CPBL-T5,pitcher,32.6,160.0,16.0,10.0,0.14432552416341854,0.09795921859054471,0.1338992222059459,5.3563731046437955,4.5598986518386475,352.0,336.0,5.186988805506644,5.525757403780947,CPBL-P4,synthetic,True
P-0473,CPBL Pitcher 23,2022,CPBL,CPBL-T1,pitcher,30.5,140.0,17.0,2.0,0.12248171246786692,0.10551088097925207,0.14417464015488,4.478113801237165,4.92802327355689,308.0,294.0,4.037117695052244,4.9191099074220865,CPBL-P4,synthetic,True
P-0474,CPBL Pitcher 24,2022,CPBL,CPBL-T7,pitcher,24.6,71.0,24.0,5.0,0.16934064469277132,0.10662994828850397,0.0871866614523768,4.297851894684241,3.996700836443645,156.20000000000002,149.1,4.112527182666837,4.483176606701645,CPBL-P4,synthetic,True
P-0475,CPBL Pitcher 25,2022,CPBL,CPBL-T3,pitcher,26.1,41.0,23.0,18.0,0.10988388212300527,0.05189536465131733,0.14031889649064813,4.450232192995909,4.346862283738247,90.2,86.10000000000001,4.215982823604763,4.684481562387054,CPBL-P3,synthetic,True
P-0476,CPBL Pitcher 26,2022,CPBL,CPBL-T6,pitcher,31.9,139.0,16.0,15.0,0.1211043054577815,0.10775230868104636,0.10206829680358258,4.31115408114075,4.54487622854613,305.8,291.90000000000003,4.010110434024871,4.612197728256629,CPBL-P1,synthetic,True
P-0477,CPBL Pitcher 27,2022,CPBL,CPBL-T3,pitcher,25.7,135.0,33.0,6.0,0.201728899127031,0.05592278151015702,0.06213701168111972,2.743710532356505,2.8786123019168337,297.0,283.5,2.8443799974087547,2.6430410673042557,CPBL-P1,synthetic,True
P-0478,CPBL Pitcher 28,2022,CPBL,CPBL-T2,pitcher,25.4,57.0,29.0,13.0,0.17675266232758227,0.10533511677894004,0.07141648649902396,3.8348402274859374,3.7641649677168623,125.4,119.7,3.8848051752187693,3.7848752797531056,CPBL-P1,synthetic,True
P-0479,CPBL Pitcher 29,2022,CPBL,CPBL-T7,pitcher,32.5,112.0,22.0,16.0,0.10858764508406532,0.13776386229651724,0.09988717318564264,4.701202948350627,4.983336918742111,246.40000000000003,235.20000000000002,4.822385453546636,4.580020443154617,CPBL-P3,synthetic,True
P-0480,CPBL Pitcher 30,2022,CPBL,CPBL-T1,pitcher,30.0,124.0,31.0,5.0,0.1283803481797538,0.12241642030325704,0.11231033033595689,5.346104627424843,4.7650575615606225,272.8,260.40000000000003,5.136999801623716,5.55520945322597,CPBL-P2,synthetic,True
P-0452,CPBL Pitcher 2,2023,CPBL,CPBL-T7,pitcher,26.9,55.0,23.0,18.0,0.1631504217917377,0.08464777268791672,0.1745966225575003,4.521982261247363,4.656536123496103,121.00000000000001,115.5,4.363951802246628,4.680012720248097,CPBL-P1,synthetic,True
P-0453,CPBL Pitcher 3,2023,CPBL,CPBL-T4,pitcher,31.8,130.0,17.0,14.0,0.1944933367512187,0.10888029518325708,0.17987691122117577,5.0661248381209925,4.749385960401094,286.0,273.0,5.188912727631305,4.94333694861068,CPBL-P1,synthetic,True
P-0454,CPBL Pitcher 4,2023,CPBL,CPBL-T5,pitcher,26.2,104.0,15.0,7.0,0.227452395830437,0.06722349467742034,0.08472898080922858,2.775942100556129,3.034352577577834,228.8,218.4,2.7089341331713603,2.8429500679408974,CPBL-P2,synthetic,True
P-0455,CPBL Pitcher 5,2023,CPBL,CPBL-T5,pitcher,32.5,152.0,23.0,5.0,0.2047438725068003,0.12969716507052964,0.13648033920539046,5.121514741719368,4.483218392845858,334.40000000000003,319.2,5.388041486441528,4.854987996997208,CPBL-P3,synthetic,True
P-0456,CPBL Pitcher 6,2023,CPBL,CPBL-T5,pitcher,32.0,61.0,33.0,29.0,0.15580914428771786,0.14670416506884598,0.06314295450486578,4.908655787235764,4.345406371573066,134.20000000000002,128.1,5.102625864435175,4.7146857100363535,CPBL-P2,synthetic,True
P-0457,CPBL Pitcher 7,2023,CPBL,CPBL-T1,pitcher,26.9,43.0,18.0,9.0,0.14300626931622534,0.03,0.11427934187599237,4.1708487712777895,3.558743264230121,94.60000000000001,90.3,3.9486576705748004,4.393039871980779,CPBL-P1,synthetic,True
P-0458,CPBL Pitcher 8,2023,CPBL,CPBL-T6,pitcher,31.0,151.0,25.0,14.0,0.16545391404059698,0.149930201902154,0.11545926581634754,4.99422820373647,4.8301237686645475,332.20000000000005,317.1,5.139349920518076,4.849106486954864,CPBL-P4,synthetic,True
P-0459,CPBL Pitcher 9,2023,CPBL,CPBL-T2,pitcher,28.4,61.0,23.0,16.0,0.15840026543298902,0.09605372476075434,0.09621412614835811,3.9471485202861727,4.047583835148721,134.20000000000002,128.1,4.282838029875225,3.6114590106971205,CPBL-P4,synthetic,True
P-0460,CPBL Pitcher 10,2023,CPBL,CPBL-T4,pitcher,32.5,61.0,16.0,4.0,0.1674248850094368,0.10561791796517993,0.08337145574727577,3.7690714977331408,3.961730492979423,134.20000000000002,128.1,3.5576892220147673,3.980453773451514,CPBL-P2,synthetic,True
P-0461,CPBL Pitcher 11,2023,CPBL,CPBL-T5,pitcher,27.9,179.0,29.0,1.0,0.21023690489670235,0.08404025786795337,0.0828669804248548,3.5375408830503137,3.3552576594903694,393.8,375.90000000000003,3.971680039747202,3.1034017263534253,CPBL-P5,synthetic,True
P-0462,CPBL Pitcher 12,2023,CPBL,CPBL-T2,pitcher,32.4,121.0,20.0,11.0,0.13517811084134712,0.09562750909452958,0.08214363197044654,3.9660299504699013,4.087541542108044,266.20000000000005,254.10000000000002,4.025032155258815,3.907027745680988,CPBL-P1,synthetic,True
P-0463,CPBL Pitcher 13,2023,CPBL,CPBL-T6,pitcher,27.4,177.0,29.0,25.0,0.1892386734578714,0.05226371272421475,0.12619399869958053,2.924570105249098,3.575195152023411,389.40000000000003,371.7,3.0545499711819692,2.7945902393162267,CPBL-P1,synthetic,True
P-0464,CPBL Pitcher 14,2023,CPBL,CPBL-T4,pitcher,27.2,44.0,33.0,23.0,0.1873274171279586,0.08985092420102622,0.13325456495274496,4.503085438849193,4.112137402916096,96.80000000000001,92.4,4.5517389026675446,4.454431975030841,CPBL-P2,synthetic,True
P-0465,CPBL Pitcher 15,2023,CPBL,CPBL-T3,pitcher,28.4,71.0,31.0,0.0,0.1911128348359528,0.058683615391029176,0.10848708319410257,3.5555794522741513,3.4601715379457536,156.20000000000002,149.1,3.754285687543541,3.3568732170047615,CPBL-P3,synthetic,True
P-0467,CPBL Pitcher 17,2023,CPBL,CPBL-T1,pitcher,27.4,186.0,24.0,21.0,0.17388206713915064,0.07996997292063143,0.12404834208938781,3.7883241957196647,4.00906655882825,409.20000000000005,390.6,3.9393217775717275,3.637326613867602,CPBL-P5,synthetic,True
P-0468,CPBL Pitcher 18,2023,CPBL,CPBL-T7,pitcher,29.1,85.0,28.0,0.0,0.24462002797485677,0.08768568526337304,0.10688526410739589,2.7080247676386078,3.3641206404355812,187.00000000000003,178.5,2.3561314833841607,3.059918051893055,CPBL-P3,synthetic,True
P-0469,CPBL Pitcher 19,2023,CPBL,CPBL-T3,pitcher,28.2,82.0,27.0,12.0,0.1512865506766111,0.0690520881099392,0.0880768740248999,4.230612526297184,3.699101392155381,180.4,172.20000000000002,4.360997863026656,4.100227189567713,CPBL-P4,synthetic,True
P-0470,CPBL Pitcher 20,2023,CPBL,CPBL-T4,pitcher,30.5,134.0,29.0,16.0,0.1392863907295584,0.07912437792795697,0.11076439336446832,4.775342421388268,4.1428453429436995,294.8,281.40000000000003,4.613823556202498,4.936861286574037,CPBL-P1,synthetic,True
P-0471,CPBL Pitcher 21,2023,CPBL,CPBL-T4,pitcher,31.0,157.0,24.0,8.0,0.17241376349086276,0.12957676946640173,0.1355979805005185,4.732029533185267,4.731590930675104,345.40000000000003,329.7,4.988652120567372,4.4754069458031625,CPBL-P3,synthetic,True
P-0472,CPBL Pitcher 22,2023,CPBL,CPBL-T3,pitcher,32.7,142.0,17.0,13.0,0.12830280074314593,0.11092065132684903,0.13736546270677064,4.765247083128273,4.8782800370447275,312.40000000000003,298.2,4.789175429406509,4.741318736850037,CPBL-P3,synthetic,True
P-0473,CPBL Pitcher 23,2023,CPBL,CPBL-T5,pitcher,30.6,98.0,16.0,10.0,0.12409976860399105,0.11426797953616206,0.11575977196717768,4.923901971941411,4.736015325273794,215.60000000000002,205.8,4.916671952940094,4.931131990942728,CPBL-P2,synthetic,True
P-0474,CPBL Pitcher 24,2023,CPBL,CPBL-T3,pitcher,24.8,105.0,25.0,22.0,0.22286881495666633,0.10440660015839826,0.08474797002030796,3.6767602110771884,3.517408382450528,231.00000000000003,220.5,3.512955892799974,3.840564529354403,CPBL-P1,synthetic,True
P-0475,CPBL Pitcher 25,2023,CPBL,CPBL-T6,pitcher,26.2,63.0,28.0,26.0,0.08882053404785858,0.03,0.1306415723680867,3.8320555071699696,4.155851451297998,138.60000000000002,132.3,3.9495857161105086,3.7145252982294306,CPBL-P1,synthetic,True
P-0477,CPBL Pitcher 27,2023,CPBL,CPBL-T2,pitcher,25.9,62.0,33.0,15.0,0.18623805190982365,0.0633746723205969,0.07861525204084305,3.794583704114694,3.2567441729770046,136.4,130.20000000000002,3.7606946763451603,3.8284727318842275,CPBL-P4,synthetic,True
P-0478,CPBL Pitcher 28,2023,CPBL,CPBL-T4,pitcher,25.5,170.0,17.0,11.0,0.21156335636911952,0.10300718604252239,0.08076092010357387,3.9651673181285414,3.551188582593051,374.00000000000006,357.0,4.0555524312217,3.8747822050353835,CPBL-P3,synthetic,True
P-0479,CPBL Pitcher 29,2023,CPBL,CPBL-T1,pitcher,32.6,183.0,34.0,19.0,0.10547149900961228,0.1397865348865407,0.1049034873186227,5.62682923895408,5.082701299747818,402.6,384.3,5.683193168502713,5.5704653094054475,CPBL-P2,synthetic,True
P-0480,CPBL Pitcher 30,2023,CPBL,CPBL-T1,pitcher,30.2,113.0,29.0,8.0,0.13600857307962141,0.13321898126996823,0.13496459060203458,4.918983908719431,5.060205096622993,248.60000000000002,237.3,4.880274669789827,4.957693147649035,CPBL-P3,synthetic,True
P-0451,CPBL Pitcher 1,2024,CPBL,CPBL-T6,pitcher,29.8,72.0,27.0,2.0,0.23116888790145732,0.08677536375964937,0.12141992399273169,4.021723202812809,3.6061525018314518,158.4,151.20000000000002,3.9649763180639037,4.078470087561715,CPBL-P1,synthetic,True
P-0452,CPBL Pitcher 2,2024,CPBL,CPBL-T3,pitcher,27.1,132.0,18.0,14.0,0.1401772386002877,0.09435544837520772,0.1447233725104429,4.915804895544202,4.658081196804621,290.40000000000003,277.2,5.099348295608156,4.732261495480248,CPBL-P1,synthetic,True
P-0453,CPBL Pitcher 3,2024,CPBL,CPBL-T6,pitcher,32.0,119.0,30.0,5.0,0.20093732755026694,0.12193009669757912,0.19653694671474495,5.463336296278891,5.021032007116263,261.8,249.9,5.336094630662553,5.590577961895229,CPBL-P2,synthetic,True
P-0454,CPBL Pitcher 4,2024,CPBL,CPBL-T1,pitcher,26.4,83.0,24.0,10.0,0.23051238997541243,0.0731373095814292,0.09328840892993881,4.056790100248554,3.1664326844732384,182.60000000000002,174.3,4.118991415782758,3.9945887847143497,CPBL-P1,synthetic,True
P-0455,CPBL Pitcher 5,2024,CPBL,CPBL-T6,pitcher,32.6,126.0,25.0,9.0,0.19992615829883698,0.14230730771738695,0.09330483849857199,4.908413998085555,4.241326811203668,277.20000000000005,264.6,4.810608744143994,5.006219252027116,CPBL-P4,synthetic,True
P-0456,CPBL Pitcher 6,2024,CPBL,CPBL-T5,pitcher,32.2,96.0,15.0,14.0,0.17433954663600987,0.12750180530524027,0.0932465603070054,4.68801960930213,4.267770893644858,211.20000000000002,201.60000000000002,4.633250585763746,4.742788632840514,CPBL-P4,synthetic,True
P-0457,CPBL Pitcher 7,2024,CPBL,CPBL-T2,pitcher,27.0,56.0,27.0,0.0,0.17289867580569335,0.03,0.1349967530409148,3.368998858001786,3.5267781239636014,123.20000000000002,117.60000000000001,3.5743090194317513,3.1636886965718207,CPBL-P5,synthetic,True
P-0458,CPBL Pitcher 8,2024,CPBL,CPBL-T3,pitcher,31.1,63.0,27.0,18.0,0.1520024694999699,0.14533149472606122,0.1060430473949599,4.776631875239707,4.788388654662574,138.60000000000002,132.3,4.673239410335251,4.880024340144162,CPBL-P5,synthetic,True
P-0460,CPBL Pitcher 10,2024,CPBL,CPBL-T5,pitcher,32.6,148.0,20.0,0.0,0.1817587442276789,0.08781171210435287,0.06794051132680257,3.525628224947923,3.4790757046988294,325.6,310.8,3.3090884873502686,3.7421679625455777,CPBL-P2,synthetic,True
P-0461,CPBL Pitcher 11,2024,CPBL,CPBL-T5,pitcher,28.0,156.0,21.0,9.0,0.2266080107810369,0.08627589774226811,0.07429936276207662,3.5662828796893256,3.1654403142796887,343.20000000000005,327.6,3.3708790963521547,3.7616866630264965,CPBL-P2,synthetic,True
P-0463,CPBL Pitcher 13,2024,CPBL,CPBL-T2,pitcher,27.6,57.0,19.0,9.0,0.216070271246314,0.08254817202039423,0.12412887903486755,3.9165387138004406,3.7033046846228945,125.4,119.7,3.9795940360431032,3.853483391557778,CPBL-P1,synthetic,True
P-0464,CPBL Pitcher 14,2024,CPBL,CPBL-T7,pitcher,27.3,168.0,20.0,12.0,0.196881071693422,0.09885365661429511,0.1096402844212787,3.9948718843364315,3.907598150036952,369.6,352.8,3.717577599452953,4.2721661692199095,CPBL-P5,synthetic,True
P-0465,CPBL Pitcher 15,2024,CPBL,CPBL-T5,pitcher,28.5,105.0,18.0,16.0,0.1555496481581608,0.055803748457449835,0.10248424938792128,4.018218655615974,3.6500902901033245,231.00000000000003,220.5,3.7266569698673306,4.309780341364617,CPBL-P1,synthetic,True
P-0466,CPBL Pitcher 16,2024,CPBL,CPBL-T6,pitcher,27.1,99.0,30.0,3.0,0.16870642502632727,0.059728524121776524,0.10136788353130276,3.3102592394361503,3.5807697245637273,217.8,207.9,2.9232632119263897,3.697255266945911,CPBL-P4,synthetic,True
P-0467,CPBL Pitcher 17,2024,CPBL,CPBL-T5,pitcher,27.6,99.0,16.0,12.0,0.1573116326796082,0.07425229249326339,0.11992921066984803,3.447153758720173,4.031826555180775,217.8,207.9,3.6325626839136103,3.261744833526736,CPBL-P1,synthetic,True
P-0468,CPBL Pitcher 18,2024,CPBL,CPBL-T7,pitcher,29.2,45.0,20.0,6.0,0.20196185224106797,0.09400229292973097,0.07976424731216293,4.402227687624504,3.509975170349857,99.00000000000001,94.5,4.392603770289824,4.411851604959184,CPBL-P2,synthetic,True
P-0469,CPBL Pitcher 19,2024,CPBL,CPBL-T3,pitcher,28.3,120.0,24.0,19.0,0.1763465272626393,0.08853704204003171,0.07591885787347383,3.607940342035382,3.610860865114004,264.0,252.0,3.9197600623075477,3.296120621763216,CPBL-P1,synthetic,True
P-0470,CPBL Pitcher 20,2024,CPBL,CPBL-T3,pitcher,30.7,96.0,27.0,4.0,0.13671853375052723,0.06407140159564087,0.1000446334072701,3.565367781854934,3.875554883216174,211.20000000000002,201.60000000000002,3.85092593525302,3.2798096284568476,CPBL-P4,synthetic,True
P-0472,CPBL Pitcher 22,2024,CPBL,CPBL-T5,pitcher,32.9,120.0,23.0,13.0,0.12089682662178479,0.1107782332097342,0.14327024501652214,5.112237707740235,4.994866635707754,264.0,252.0,5.490687288965115,4.733788126515354,CPBL-P4,synthetic,True
P-0473,CPBL Pitcher 23,2024,CPBL,CPBL-T3,pitcher,30.8,162.0,26.0,0.0,0.13680234081570006,0.10042735668331502,0.1369443398205907,4.2626384802863635,4.680152951880086,356.40000000000003,340.2,3.9948022908389755,4.530474669733751,CPBL-P1,synthetic,True
P-0474,CPBL Pitcher 24,2024,CPBL,CPBL-T5,pitcher,24.9,140.0,32.0,24.0,0.22944491244329263,0.09858048366049725,0.08388906940586595,3.4212086043309813,3.3862971984382857,308.0,294.0,3.827448030299249,3.0149691783627137,CPBL-P1,synthetic,True
P-0476,CPBL Pitcher 26,2024,CPBL,CPBL-T5,pitcher,32.2,48.0,22.0,17.0,0.09991928549786844,0.11114658013397165,0.11352187269946089,5.202498234684377,4.869623404619321,105.60000000000001,100.80000000000001,5.18501477516275,5.219981694206004,CPBL-P5,synthetic,True
P-0477,CPBL Pitcher 27,2024,CPBL,CPBL-T5,pitcher,26.0,126.0,29.0,17.0,0.19557485875470612,0.06438139499841161,0.08134546915720871,3.7678086435353113,3.2214325615153774,277.20000000000005,264.6,3.852342079357196,3.6832752077134265,CPBL-P3,synthetic,True
P-0478,CPBL Pitcher 28,2024,CPBL,CPBL-T1,pitcher,25.7,174.0,27.0,2.0,0.19710101911771366,0.08908445712228492,0.09889524278337304,3.2873435708486434,3.6811577603594405,382.8,365.40000000000003,3.195040340497164,3.379646801200123,CPBL-P4,synthetic,True
P-0479,CPBL Pitcher 29,2024,CPBL,CPBL-T1,pitcher,32.8,41.0,23.0,19.0,0.11026131247726059,0.14951896068511664,0.0840532223310015,5.140932866240751,4.9526692517133295,90.2,86.10000000000001,4.807447398498166,5.474418333983337,CPBL-P1,synthetic,True
P-0480,CPBL Pitcher 30,2024,CPBL,CPBL-T3,pitcher,30.3,59.0,15.0,1.0,0.1424248275131343,0.12426111795261373,0.11669108937174244,4.6796100937514185,4.718645689043715,129.8,123.9,4.980890177438303,4.378330010064534,CPBL-P2,synthetic,True
P-0451,CPBL Pitcher 1,2025,CPBL,CPBL-T4,pitcher,30.0,134.0,18.0,17.0,0.20097531722342601,0.08302749098135014,0.13050541272078828,4.28142431977409,3.8935814811966765,294.8,281.40000000000003,5.0603500339441405,3.5024986056040404,CPBL-P4,synthetic,True
P-0452,CPBL Pitcher 2,2025,CPBL,CPBL-T7,pitcher,27.2,102.0,20.0,17.0,0.16156882478274154,0.07735450839545584,0.15097614928594302,4.761456050275063,4.345464995342969,224.4,214.20000000000002,4.9713916411685135,4.551520459381613,CPBL-P5,synthetic,True
P-0453,CPBL Pitcher 3,2025,CPBL,CPBL-T2,pitcher,32.1,46.0,21.0,0.0,0.16682440964440587,0.11498791076249058,0.18602397819729666,4.891677366804438,5.105499433967607,101.2,96.60000000000001,5.445040061941645,4.338314671667231,CPBL-P3,synthetic,True
P-0454,CPBL Pitcher 4,2025,CPBL,CPBL-T5,pitcher,26.5,44.0,20.0,14.0,0.2338438393876561,0.06716756389056974,0.08261811887839017,2.8977412649493495,2.9614412403694903,96.80000000000001,92.4,2.833392093959488,2.962090435939211,CPBL-P5,synthetic,True
P-0455,CPBL Pitcher 5,2025,CPBL,CPBL-T6,pitcher,32.8,96.0,30.0,10.0,0.20634687504661126,0.14756667162030707,0.1088704415701283,5.060299252562083,4.408729474772079,211.20000000000002,201.60000000000002,5.23465080952233,4.8859476956018355,CPBL-P5,synthetic,True
P-0456,CPBL Pitcher 6,2025,CPBL,CPBL-T6,pitcher,32.3,51.0,31.0,27.0,0.18913769738280092,0.15131021356414154,0.08678121376455403,4.5083252769883995,4.370433121352831,112.2,107.10000000000001,4.668466432887218,4.348184121089581,CPBL-P1,synthetic,True
P-0457,CPBL Pitcher 7,2025,CPBL,CPBL-T1,pitcher,27.2,65.0,23.0,22.0,0.1571883972162748,0.055806237438500154,0.1387218313710875,4.2101702482027035,3.9993859852426787,143.0,136.5,4.4775997381904995,3.9427407582149074,CPBL-P3,synthetic,True
P-0458,CPBL Pitcher 8,2025,CPBL,CPBL-T6,pitcher,31.3,159.0,24.0,11.0,0.18452856040189433,0.13156767861009439,0.10816479713538582,5.137095648913131,4.384231631459836,349.8,333.90000000000003,4.7955871026216,5.478604195204661,CPBL-P1,synthetic,True
P-0459,CPBL Pitcher 9,2025,CPBL,CPBL-T4,pitcher,28.7,116.0,22.0,3.0,0.1780352017569402,0.11127034204805729,0.07242097494067481,3.676691955660773,3.835172239927914,255.20000000000002,243.60000000000002,4.102808365103261,3.2505755462182853,CPBL-P5,synthetic,True
P-0460,CPBL Pitcher 10,2025,CPBL,CPBL-T2,pitcher,32.8,161.0,21.0,5.0,0.17098954209108017,0.10989877886999004,0.094159644102309,4.910914706409185,4.092465450734329,354.20000000000005,338.1,4.809126341067094,5.012703071751277,CPBL-P2,synthetic,True
P-0461,CPBL Pitcher 11,2025,CPBL,CPBL-T5,pitcher,28.2,102.0,17.0,10.0,0.21441103748700086,0.07171957401975043,0.09064727206563791,3.352726171975617,3.2518193089973773,224.4,214.20000000000002,3.5424658937965257,3.1629864501547083,CPBL-P4,synthetic,True
P-0462,CPBL Pitcher 12,2025,CPBL,CPBL-T3,pitcher,32.7,157.0,23.0,12.0,0.10752347447796445,0.13864005741765736,0.08819461196172944,5.00610486551523,4.885439012805467,345.40000000000003,329.7,4.74632822675904,5.2658815042714195,CPBL-P4,synthetic,True
P-0464,CPBL Pitcher 14,2025,CPBL,CPBL-T2,pitcher,27.5,55.0,29.0,22.0,0.1903873887789435,0.11058601901232301,0.1305533919795119,4.3042673747197515,4.309467037711447,121.00000000000001,115.5,4.825905709422065,3.7826290400174383,CPBL-P4,synthetic,True
P-0465,CPBL Pitcher 15,2025,CPBL,CPBL-T4,pitcher,28.7,83.0,23.0,1.0,0.17742100916792583,0.062124247501389854,0.09816066073319102,4.206837660823591,3.507729504005182,182.60000000000002,174.3,4.240761960806728,4.172913360840453,CPBL-P5,synthetic,True
P-0467,CPBL Pitcher 17,2025,CPBL,CPBL-T6,pitcher,27.7,51.0,27.0,10.0,0.13923854329683286,0.07584268701654909,0.1216731563808305,4.709643977004107,4.212935461632232,112.2,107.10000000000001,4.4632988435805645,4.955989110427649,CPBL-P3,synthetic,True
P-0468,CPBL Pitcher 18,2025,CPBL,CPBL-T5,pitcher,29.4,89.0,15.0,2.0,0.23041577332421292,0.11251224925484406,0.08659646960660895,4.2413606842670895,3.572785500530515,195.8,186.9,4.197217080964657,4.2855042875695215,CPBL-P2,synthetic,True
P-0469,CPBL Pitcher 19,2025,CPBL,CPBL-T5,pitcher,28.5,114.0,23.0,8.0,0.1789057707833802,0.08134408011348727,0.07461922324329825,3.6808657359239003,3.4910750275277884,250.8,239.4,3.4941793242340444,3.867552147613756,CPBL-P2,synthetic,True
P-0470,CPBL Pitcher 20,2025,CPBL,CPBL-T6,pitcher,30.8,181.0,32.0,17.0,0.13328417385442037,0.08201793835099794,0.11048394767031275,4.83725036885883,4.22278134607974,398.20000000000005,380.1,4.424300493330729,5.250200244386931,CPBL-P5,synthetic,True
P-0471,CPBL Pitcher 21,2025,CPBL,CPBL-T1,pitcher,31.3,163.0,28.0,24.0,0.17049011493771707,0.15021693592554616,0.13904045281646196,5.361214969274214,5.0290868397694375,358.6,342.3,5.558973803130163,5.163456135418265,CPBL-P2,synthetic,True
P-0472,CPBL Pitcher 22,2025,CPBL,CPBL-T5,pitcher,33.0,121.0,25.0,3.0,0.12449733944502017,0.10963382933617616,0.14929766029723515,4.878200349191182,5.012603839446305,266.20000000000005,254.10000000000002,4.606115938719302,5.150284759663062,CPBL-P1,synthetic,True
P-0474,CPBL Pitcher 24,2025,CPBL,CPBL-T7,pitcher,25.1,171.0,26.0,2.0,0.18840726911161212,0.09825882439948205,0.08094641439026765,3.856752476992601,3.6813118838035646,376.20000000000005,359.1,4.148621936591942,3.5648830173932606,CPBL-P1,synthetic,True
P-0476,CPBL Pitcher 26,2025,CPBL,CPBL-T7,pitcher,32.4,115.0,22.0,5.0,0.09401879380718538,0.09786497135539524,0.10406513388403626,5.507585758708783,4.662880644647623,253.00000000000003,241.5,5.8355720460237945,5.179599471393771,CPBL-P1,synthetic,True
P-0477,CPBL Pitcher 27,2025,CPBL,CPBL-T7,pitcher,26.2,122.0,31.0,11.0,0.17751321162945854,0.06406484769308629,0.07739874917341294,4.045137770581226,3.3226599710154967,268.40000000000003,256.2,3.8581022564204988,4.232173284741953,CPBL-P5,synthetic,True
P-0478,CPBL Pitcher 28,2025,CPBL,CPBL-T6,pitcher,25.8,60.0,31.0,27.0,0.2030965786975019,0.11060727292797441,0.07027916950407627,3.5899096209222354,3.605306340596441,132.0,126.0,3.46729969268583,3.7125195491586407,CPBL-P1,synthetic,True
P-0479,CPBL Pitcher 29,2025,CPBL,CPBL-T2,pitcher,32.9,113.0,15.0,14.0,0.10945977963511148,0.1295058584727426,0.10073111709464243,4.628453586524618,4.885703235538443,248.60000000000002,237.3,4.915556779548444,4.341350393500791,CPBL-P2,synthetic,True
P-0480,CPBL Pitcher 30,2025,CPBL,CPBL-T1,pitcher,30.5,108.0,15.0,12.0,0.12946835490397365,0.13466343641896564,0.132022973187135,5.406940285539906,5.1004441296671486,237.60000000000002,226.8,4.973133013618425,5.840747557461387,CPBL-P5,synthetic,True
P-0474,CPBL Pitcher 24,2018,CPBL,CPBL-TX,pitcher,24.0,154.0,23.0,9.0,0.18429638698007875,0.11343791487900672,0.07517946253047093,4.396959168170714,3.8386785080121597,338.8,323.40000000000003,4.730429242898861,4.063489093442566,CPBL-P1,synthetic_transfer,True
P-0051,Pitcher 51,2019,CPBL,CPBL-TX,pitcher,25.9,94.0,24.0,13.0,0.1828515517689894,0.03,0.11757228428818418,3.4869912292644796,3.2729104287299267,206.8,197.4,3.284488737623729,3.6894937209052303,CPBL-P1,synthetic_transfer,True
P-0114,Pitcher 114,2015,CPBL,CPBL-TX,pitcher,29.9,49.0,32.0,5.0,0.2244533257996735,0.06105924143606622,0.12808958013234611,3.279672648481969,3.417980092158868,107.80000000000001,102.9,3.1739524496553098,3.3853928473086285,CPBL-P1,synthetic_transfer,True
P-0044,Pitcher 44,2023,CPBL,CPBL-TX,pitcher,26.2,74.0,20.0,15.0,0.12846996918059786,0.09270640981998526,0.16864455085208468,4.989255641594939,4.971162672915888,162.8,155.4,5.004975450690374,4.973535832499504,CPBL-P1,synthetic_transfer,True
P-0041,Pitcher 41,2015,CPBL,CPBL-TX,pitcher,24.1,154.0,31.0,10.0,0.15630154723922532,0.055477596845313795,0.07360488220623862,3.3976491455650963,3.3513676062923494,338.8,323.40000000000003,3.3597731705142304,3.4355251206159623,CPBL-P1,synthetic_transfer,True
P-0124,Pitcher 124,2020,CPBL,CPBL-TX,pitcher,29.8,171.0,15.0,5.0,0.17249463320186387,0.0841709184517995,0.0972676373802353,3.698425630200217,3.8027703296090363,376.20000000000005,359.1,3.6039172342186325,3.792934026181802,CPBL-P1,synthetic_transfer,True
P-0040,Pitcher 40,2021,CPBL,CPBL-TX,pitcher,32.2,162.0,23.0,8.0,0.1038125024360608,0.08645510070018171,0.14584256057524775,5.2915338845791675,4.865386794666172,356.40000000000003,340.2,5.343101170539803,5.239966598618532,CPBL-P1,synthetic_transfer,True
P-0038,Pitcher 38,2021,CPBL,CPBL-TX,pitcher,32.7,140.0,17.0,15.0,0.12672922243912266,0.14383186416450694,0.15208933587654155,5.650829388769153,5.433041949226518,308.0,294.0,5.613964350250281,5.687694427288024,CPBL-P1,synthetic_transfer,True
P-0170,Pitcher 170,2019,CPBL,CPBL-TX,pitcher,29.3,101.0,25.0,18.0,0.13612910470938355,0.08923857105576699,0.11510688518175237,4.105176539968543,4.332898866811659,222.20000000000002,212.10000000000002,3.5526476720985003,4.657705407838586,CPBL-P1,synthetic_transfer,True
P-0151,Pitcher 151,2023,CPBL,CPBL-TX,pitcher,34.4,61.0,27.0,5.0,0.08,0.14874576061219008,0.15193151927216203,5.54074275699427,5.864264320067901,134.20000000000002,128.1,5.426673373092465,5.654812140896075,CPBL-P1,synthetic_transfer,True
P-0094,Pitcher 94,2021,CPBL,CPBL-TX,pitcher,25.1,178.0,23.0,10.0,0.21038397075767562,0.05132200682083654,0.09633933289641912,3.2157400953676625,3.0961856447528247,391.6,373.8,3.57588917839559,2.855591012339735,CPBL-P1,synthetic_transfer,True
P-0113,Pitcher 113,2021,CPBL,CPBL-TX,pitcher,29.9,95.0,17.0,8.0,0.13085603764612722,0.1212676290560807,0.1403538669852643,5.185036386413013,5.011901917356594,209.00000000000003,199.5,5.233488381087146,5.13658439173888,CPBL-P1,synthetic_transfer,True
