player_id,player_name,season,league,team,role,age,pa,g,bb_pct,k_pct,iso,babip,hr_pct,avg,obp,slg,woba,home_pa,road_pa,home_woba,road_woba,park_id,source,is_synthetic
kbo-76290,gimhyeonsu,2018,KBO,LG,batter,27.0,511.0,117.0,0.1037181996086105,0.1193737769080234,0.227373068432671,0.3870967741935484,0.0391389432485322,0.362,0.415,0.589,0.4216242661448141,255.5,255.5,0.4216242661448141,0.4216242661448141,LG,kbo-official,False
kbo-76232,yanguiji,2018,KBO,dusan,batter,27.0,503.0,133.0,0.1013916500994035,0.0795228628230616,0.2277904328018223,0.3563829787234042,0.0457256461232604,0.358,0.427,0.585,0.4285884691848906,251.5,251.5,0.4285884691848906,0.4285884691848906,두산,kbo-official,False
kbo-name-ijeonghu,ijeonghu,2018,KBO,neksen,batter,27.0,520.0,109.0,0.0865384615384615,0.1115384615384615,0.1220043572984749,0.3974683544303797,0.0115384615384615,0.355,0.412,0.477,0.3834230769230769,260.0,260.0,0.3834230769230769,0.3834230769230769,넥센,kbo-official,False
kbo-name-bakbyeongho,bakbyeongho,2018,KBO,neksen,batter,27.0,488.0,113.0,0.1598360655737705,0.2336065573770492,0.3725,0.3909465020576131,0.0881147540983606,0.345,0.457,0.718,0.4809631147540983,244.0,244.0,0.4809631147540983,0.4809631147540983,넥센,kbo-official,False
kbo-79608,anchihong,2018,KBO,KIA,batter,27.0,549.0,130.0,0.0673952641165755,0.1038251366120218,0.2206477732793522,0.3526570048309179,0.0418943533697632,0.342,0.392,0.563,0.4093989071038251,274.5,274.5,0.4093989071038251,0.4093989071038251,KIA,kbo-official,False
kbo-78513,jeonjunu,2018,KBO,rotde,batter,27.0,614.0,144.0,0.0798045602605863,0.1335504885993485,0.25,0.3560090702947845,0.0537459283387622,0.342,0.4,0.592,0.4261237785016286,307.0,307.0,0.4261237785016286,0.4261237785016286,롯데,kbo-official,False
kbo-name-gimjuchan,gimjuchan,2018,KBO,KIA,batter,27.0,471.0,121.0,0.0594479830148619,0.1210191082802547,0.1794871794871795,0.3615819209039548,0.0382165605095541,0.34,0.375,0.52,0.3777494692144374,235.5,235.5,0.3777494692144374,0.3777494692144374,KIA,kbo-official,False
kbo-72443,choehyeongu,2018,KBO,KIA,batter,27.0,609.0,143.0,0.1198686371100164,0.1428571428571428,0.2102272727272727,0.3701923076923077,0.0410509031198686,0.339,0.414,0.549,0.4088013136288999,304.5,304.5,0.4088013136288999,0.4088013136288999,KIA,kbo-official,False
kbo-name-yuhanjun,yuhanjun,2018,KBO,KT,batter,27.0,480.0,121.0,0.1041666666666666,0.1104166666666666,0.1939252336448598,0.352112676056338,0.0416666666666666,0.339,0.406,0.533,0.4036666666666667,240.0,240.0,0.4036666666666667,0.4036666666666667,KT,kbo-official,False
kbo-78224,gimjaehwan,2018,KBO,dusan,batter,27.0,602.0,139.0,0.1046511627906976,0.2225913621262458,0.3225806451612903,0.3782234957020057,0.0730897009966777,0.334,0.405,0.657,0.4463787375415283,301.0,301.0,0.4463787375415283,0.4463787375415283,두산,kbo-official,False
kbo-76267,choejuhwan,2018,KBO,dusan,batter,27.0,590.0,138.0,0.0881355932203389,0.1508474576271186,0.2485549132947976,0.3638613861386138,0.0440677966101694,0.333,0.397,0.582,0.4175084745762712,295.0,295.0,0.4175084745762712,0.4175084745762712,두산,kbo-official,False
kbo-name-idaeho,idaeho,2018,KBO,rotde,batter,27.0,604.0,144.0,0.0827814569536423,0.1241721854304635,0.2596685082872928,0.334106728538283,0.0612582781456953,0.333,0.394,0.593,0.4175165562913907,302.0,302.0,0.4175165562913907,0.4175165562913907,롯데,kbo-official,False
kbo-62404,gujauk,2018,KBO,samseong,batter,27.0,529.0,116.0,0.0850661625708884,0.2079395085066162,0.200836820083682,0.3994252873563218,0.0378071833648393,0.333,0.392,0.533,0.3991115311909263,264.5,264.5,0.3991115311909263,0.3991115311909263,삼성,kbo-official,False
kbo-79192,chaeeunseong,2018,KBO,LG,batter,27.0,578.0,139.0,0.0622837370242214,0.1678200692041522,0.217391304347826,0.3685503685503685,0.0432525951557093,0.331,0.379,0.548,0.3997923875432526,289.0,289.0,0.3997923875432526,0.3997923875432526,LG,kbo-official,False
kbo-name-reopeu,reopeu,2018,KBO,samseong,batter,27.0,597.0,137.0,0.1088777219430485,0.1792294807370184,0.274703557312253,0.366120218579235,0.0552763819095477,0.33,0.419,0.605,0.4379396984924623,298.5,298.5,0.4379396984924623,0.4379396984924623,삼성,kbo-official,False
kbo-76812,ijaewon,2018,KBO,SK,batter,27.0,471.0,130.0,0.0912951167728237,0.138004246284501,0.1842751842751842,0.36,0.0360934182590233,0.329,0.405,0.514,0.3975796178343949,235.5,235.5,0.3975796178343949,0.3975796178343949,SK,kbo-official,False
kbo-77532,sonaseop,2018,KBO,rotde,batter,27.0,625.0,141.0,0.1104,0.1584,0.2169981916817359,0.3644859813084112,0.0416,0.329,0.404,0.546,0.4110719999999999,312.5,312.5,0.4110719999999999,0.4110719999999999,롯데,kbo-official,False
kbo-79215,bakgeonu,2018,KBO,dusan,batter,27.0,529.0,125.0,0.054820415879017,0.1228733459357277,0.1475409836065573,0.3576642335766423,0.0226843100189035,0.326,0.373,0.473,0.3693005671077504,264.5,264.5,0.3693005671077504,0.3693005671077504,두산,kbo-official,False
kbo-79240,heogyeongmin,2018,KBO,dusan,batter,27.0,577.0,133.0,0.0554592720970537,0.0901213171577123,0.1356589147286821,0.3458149779735683,0.0173310225303292,0.324,0.376,0.459,0.3628769497400346,288.5,288.5,0.3628769497400346,0.3628769497400346,두산,kbo-official,False
kbo-62907,bakminu,2018,KBO,NC,batter,27.0,460.0,115.0,0.0760869565217391,0.1108695652173913,0.1143552311435523,0.3605633802816901,0.0108695652173913,0.324,0.383,0.438,0.3557391304347825,230.0,230.0,0.3557391304347825,0.3557391304347825,NC,kbo-official,False
kbo-62947,naseongbeom,2018,KBO,NC,batter,27.0,620.0,144.0,0.0774193548387096,0.2112903225806451,0.1996402877697841,0.3830845771144278,0.0370967741935483,0.318,0.381,0.518,0.3865,310.0,310.0,0.3865,0.3865,NC,kbo-official,False
kbo-name-minbyeongheon,minbyeongheon,2018,KBO,rotde,batter,27.0,494.0,118.0,0.0769230769230769,0.1376518218623481,0.1625282167042889,0.3463687150837989,0.034412955465587,0.318,0.374,0.481,0.3681781376518218,247.0,247.0,0.3681781376518218,0.3681781376518218,롯데,kbo-official,False
kbo-name-romaek,romaek,2018,KBO,SK,batter,27.0,616.0,141.0,0.1168831168831168,0.1996753246753246,0.2803030303030303,0.3425414364640884,0.0698051948051948,0.316,0.404,0.597,0.4298051948051948,308.0,308.0,0.4298051948051948,0.4298051948051948,SK,kbo-official,False
kbo-78135,ihyeongjong,2018,KBO,LG,batter,27.0,485.0,118.0,0.0639175257731958,0.1690721649484536,0.1510297482837528,0.3654970760233918,0.0268041237113402,0.316,0.377,0.467,0.3687422680412371,242.5,242.5,0.3687422680412371,0.3687422680412371,LG,kbo-official,False
kbo-name-ojaewon,ojaewon,2018,KBO,dusan,batter,27.0,521.0,132.0,0.0786948176583493,0.2284069097888675,0.1501057082452431,0.3923303834808259,0.0287907869481765,0.313,0.369,0.463,0.3636276391554703,260.5,260.5,0.3636276391554703,0.3636276391554703,두산,kbo-official,False
kbo-name-nosugwang,nosugwang,2018,KBO,SK,batter,27.0,588.0,135.0,0.0816326530612244,0.1462585034013605,0.1184466019417475,0.3634204275534441,0.0136054421768707,0.313,0.383,0.431,0.3559013605442177,294.0,294.0,0.3559013605442177,0.3559013605442177,SK,kbo-official,False
kbo-name-gimjaeho,gimjaeho,2018,KBO,dusan,batter,27.0,467.0,131.0,0.1134903640256959,0.164882226980728,0.1691542288557214,0.3527508090614886,0.0342612419700214,0.311,0.39,0.48,0.3774732334047109,233.5,233.5,0.3774732334047109,0.3774732334047109,두산,kbo-official,False
kbo-name-beonadina,beonadina,2018,KBO,KIA,batter,27.0,590.0,131.0,0.111864406779661,0.1745762711864406,0.1773879142300194,0.3564102564102564,0.0338983050847457,0.31,0.395,0.487,0.3830508474576271,295.0,295.0,0.3830508474576271,0.3830508474576271,KIA,kbo-official,False
kbo-name-hoing,hoing,2018,KBO,hanhwa,batter,27.0,590.0,142.0,0.1033898305084745,0.1576271186440678,0.2665406427221172,0.3251231527093596,0.0508474576271186,0.306,0.369,0.573,0.3926949152542373,295.0,295.0,0.3926949152542373,0.3926949152542373,한화,kbo-official,False
kbo-name-rohaseu,rohaseu,2018,KBO,KT,batter,27.0,645.0,144.0,0.1162790697674418,0.2201550387596899,0.2854609929078014,0.3403693931398417,0.0666666666666666,0.305,0.388,0.59,0.4162945736434108,322.5,322.5,0.4162945736434108,0.4162945736434108,KT,kbo-official,False
kbo-76232,yanguiji,2019,KBO,NC,batter,27.0,459.0,118.0,0.1132897603485838,0.0936819172113289,0.2205128205128205,0.3608562691131498,0.0435729847494553,0.354,0.438,0.574,0.4315032679738562,229.5,229.5,0.4315032679738562,0.4315032679738562,NC,kbo-official,False
kbo-name-pereunandeseu,pereunandeseu,2019,KBO,dusan,batter,27.0,645.0,144.0,0.1007751937984496,0.0837209302325581,0.1381118881118881,0.3618290258449304,0.0232558139534883,0.344,0.409,0.483,0.3876744186046512,322.5,322.5,0.3876744186046512,0.3876744186046512,두산,kbo-official,False
kbo-62907,bakminu,2019,KBO,NC,batter,27.0,526.0,125.0,0.0798479087452471,0.0760456273764258,0.0897435897435897,0.3747072599531616,0.0019011406844106,0.344,0.403,0.434,0.3672243346007604,263.0,263.0,0.3672243346007604,0.3672243346007604,NC,kbo-official,False
kbo-name-ijeonghu,ijeonghu,2019,KBO,kium,batter,27.0,630.0,140.0,0.0714285714285714,0.0634920634920634,0.1202090592334494,0.3541666666666667,0.0095238095238095,0.336,0.386,0.456,0.3683174603174603,315.0,315.0,0.3683174603174603,0.3683174603174603,키움,kbo-official,False
kbo-68050,gangbaekho,2019,KBO,KT,batter,27.0,505.0,116.0,0.1287128712871287,0.1722772277227722,0.1598173515981735,0.3964497041420118,0.0257425742574257,0.336,0.416,0.495,0.3942178217821782,252.5,252.5,0.3942178217821782,0.3942178217821782,KT,kbo-official,False
kbo-61353,gojonguk,2019,KBO,SK,batter,27.0,513.0,137.0,0.037037037037037,0.1734892787524366,0.0975609756097561,0.39,0.0058479532163742,0.323,0.347,0.421,0.335672514619883,256.5,256.5,0.335672514619883,0.335672514619883,SK,kbo-official,False
kbo-name-rohaseu,rohaseu,2019,KBO,KT,batter,27.0,578.0,142.0,0.0934256055363321,0.2076124567474048,0.2072936660268714,0.3819628647214854,0.0415224913494809,0.322,0.381,0.53,0.3887024221453287,289.0,289.0,0.3887024221453287,0.3887024221453287,KT,kbo-official,False
kbo-79215,bakgeonu,2019,KBO,dusan,batter,27.0,537.0,127.0,0.1117318435754189,0.106145251396648,0.1462882096069869,0.3478260869565217,0.0186219739292365,0.319,0.397,0.465,0.3768901303538174,268.5,268.5,0.3768901303538174,0.3768901303538174,두산,kbo-official,False
kbo-name-yuhanjun,yuhanjun,2019,KBO,KT,batter,27.0,562.0,139.0,0.094306049822064,0.1085409252669039,0.1257485029940119,0.3403755868544601,0.0249110320284697,0.317,0.383,0.443,0.3638256227758007,281.0,281.0,0.3638256227758007,0.3638256227758007,KT,kbo-official,False
kbo-79192,chaeeunseong,2019,KBO,LG,batter,27.0,514.0,128.0,0.0486381322957198,0.1303501945525292,0.1191489361702127,0.3478260869565217,0.0233463035019455,0.315,0.358,0.434,0.3469260700389105,257.0,257.0,0.3469260700389105,0.3469260700389105,LG,kbo-official,False
kbo-name-icheonung,icheonung,2019,KBO,LG,batter,27.0,613.0,138.0,0.0946166394779771,0.1337683523654159,0.0659340659340659,0.3593073593073593,0.0032626427406199,0.308,0.378,0.374,0.3352202283849919,306.5,306.5,0.3352202283849919,0.3352202283849919,LG,kbo-official,False
kbo-name-gimhaseong,gimhaseong,2019,KBO,kium,batter,27.0,625.0,139.0,0.1184,0.128,0.1833333333333333,0.3333333333333333,0.0304,0.307,0.389,0.491,0.379536,312.5,312.5,0.379536,0.379536,키움,kbo-official,False
kbo-name-gimtaegyun,gimtaegyun,2019,KBO,hanhwa,batter,27.0,500.0,127.0,0.118,0.188,0.0900692840646651,0.3783783783783784,0.012,0.305,0.382,0.395,0.34026,250.0,250.0,0.34026,0.34026,한화,kbo-official,False
kbo-name-saenjeu,saenjeu,2019,KBO,kium,batter,27.0,613.0,139.0,0.1272430668841762,0.164763458401305,0.238095238095238,0.3333333333333333,0.0456769983686786,0.305,0.396,0.543,0.4055301794453507,306.5,306.5,0.4055301794453507,0.4055301794453507,키움,kbo-official,False
kbo-76290,gimhyeonsu,2019,KBO,LG,batter,27.0,595.0,140.0,0.1058823529411764,0.0873949579831932,0.1330798479087452,0.3218142548596112,0.0184873949579831,0.304,0.37,0.437,0.3447731092436975,297.5,297.5,0.3447731092436975,0.3447731092436975,LG,kbo-official,False
kbo-78513,jeonjunu,2019,KBO,rotde,batter,27.0,606.0,141.0,0.0792079207920792,0.1171617161716171,0.1798165137614679,0.3141592920353982,0.0363036303630363,0.301,0.359,0.481,0.3632178217821782,303.0,303.0,0.3632178217821782,0.3632178217821782,롯데,kbo-official,False
kbo-78168,seogeonchang,2019,KBO,kium,batter,27.0,486.0,113.0,0.102880658436214,0.102880658436214,0.0821596244131455,0.3368983957219251,0.0041152263374485,0.3,0.373,0.383,0.3344650205761317,243.0,243.0,0.3344650205761317,0.3344650205761317,키움,kbo-official,False
kbo-72443,choehyeongu,2019,KBO,KIA,batter,27.0,555.0,136.0,0.1639639639639639,0.1387387387387387,0.1842105263157894,0.3314917127071823,0.0306306306306306,0.3,0.413,0.485,0.3865945945945946,277.5,277.5,0.3865945945945946,0.3865945945945946,KIA,kbo-official,False
kbo-61404,gimheongon,2019,KBO,samseong,batter,27.0,467.0,114.0,0.0813704496788008,0.0877944325481798,0.0900243309002433,0.3205479452054794,0.0107066381156316,0.297,0.361,0.387,0.3288222698072805,233.5,233.5,0.3288222698072805,0.3288222698072805,삼성,kbo-official,False
kbo-77532,sonaseop,2019,KBO,rotde,batter,27.0,568.0,134.0,0.0933098591549295,0.1619718309859155,0.10546875,0.3439024390243902,0.0176056338028169,0.295,0.36,0.4,0.3371302816901408,284.0,284.0,0.3371302816901408,0.3371302816901408,롯데,kbo-official,False
kbo-name-imyeonggi,imyeonggi,2019,KBO,NC,batter,27.0,547.0,139.0,0.0914076782449725,0.1206581352833638,0.0599173553719008,0.3365384615384615,0.0036563071297989,0.293,0.359,0.353,0.3145703839122486,273.5,273.5,0.3145703839122486,0.3145703839122486,NC,kbo-official,False
kbo-name-ojaeil,ojaeil,2019,KBO,dusan,batter,27.0,529.0,130.0,0.10586011342155,0.1871455576559546,0.2012847965738758,0.3342939481268011,0.0396975425330812,0.293,0.369,0.495,0.3752551984877127,264.5,264.5,0.3752551984877127,0.3752551984877127,두산,kbo-official,False
kbo-name-reopeu,reopeu,2019,KBO,samseong,batter,27.0,568.0,133.0,0.1514084507042253,0.153169014084507,0.222457627118644,0.3195592286501377,0.0387323943661971,0.292,0.396,0.515,0.3878521126760563,284.0,284.0,0.3878521126760563,0.3878521126760563,삼성,kbo-official,False
kbo-75847,choejeong,2019,KBO,SK,batter,27.0,606.0,141.0,0.1237623762376237,0.1518151815181518,0.2266401590457256,0.3089005235602094,0.0478547854785478,0.292,0.399,0.519,0.3933498349834983,303.0,303.0,0.3933498349834983,0.3933498349834983,SK,kbo-official,False
kbo-78603,gimseonbin,2019,KBO,KIA,batter,27.0,447.0,121.0,0.0961968680089485,0.058165548098434,0.0786802030456852,0.3068493150684931,0.0067114093959731,0.292,0.36,0.371,0.3237807606263982,223.5,223.5,0.3237807606263982,0.3237807606263982,KIA,kbo-official,False
kbo-78288,choejaehun,2019,KBO,hanhwa,batter,27.0,451.0,135.0,0.1241685144124168,0.1352549889135255,0.0723860589812332,0.3398058252427184,0.0066518847006651,0.29,0.398,0.362,0.3443680709534368,225.5,225.5,0.3443680709534368,0.3443680709534368,한화,kbo-official,False
kbo-79240,heogyeongmin,2019,KBO,dusan,batter,27.0,540.0,133.0,0.0666666666666666,0.0666666666666666,0.0821052631578947,0.3057471264367816,0.0074074074074074,0.288,0.35,0.371,0.3172592592592593,270.0,270.0,0.3172592592592593,0.3172592592592593,두산,kbo-official,False
kbo-78135,ihyeongjong,2019,KBO,LG,batter,27.0,482.0,120.0,0.0892116182572614,0.1618257261410788,0.1551312649164677,0.3262195121951219,0.0269709543568464,0.286,0.358,0.442,0.3482780082987552,241.0,241.0,0.3482780082987552,0.3482780082987552,LG,kbo-official,False
kbo-name-idaeho,idaeho,2019,KBO,rotde,batter,27.0,549.0,135.0,0.0928961748633879,0.1183970856102003,0.1505154639175257,0.3019801980198019,0.029143897996357,0.285,0.355,0.435,0.3433879781420765,274.5,274.5,0.3433879781420765,0.3433879781420765,롯데,kbo-official,False
kbo-name-hoing,hoing,2019,KBO,hanhwa,batter,27.0,525.0,124.0,0.0819047619047619,0.1714285714285714,0.1764705882352941,0.3179347826086957,0.0342857142857142,0.284,0.34,0.46,0.3421714285714286,262.5,262.5,0.3421714285714286,0.3421714285714286,한화,kbo-official,False
kbo-72443,choehyeongu,2020,KBO,KIA,batter,27.0,600.0,140.0,0.125,0.1683333333333333,0.2356321839080459,0.3994910941475827,0.0466666666666666,0.354,0.433,0.59,0.4362833333333333,300.0,300.0,0.4362833333333333,0.4362833333333333,KIA,kbo-official,False
kbo-77532,sonaseop,2020,KBO,rotde,batter,27.0,611.0,141.0,0.1063829787234042,0.0916530278232405,0.1407407407407407,0.3784355179704017,0.0180032733224222,0.352,0.415,0.493,0.392013093289689,305.5,305.5,0.392013093289689,0.392013093289689,롯데,kbo-official,False
kbo-name-rohaseu,rohaseu,2020,KBO,KT,batter,27.0,628.0,142.0,0.1114649681528662,0.2101910828025477,0.3309090909090909,0.3908355795148248,0.0748407643312101,0.349,0.417,0.68,0.4590764331210191,314.0,314.0,0.4590764331210191,0.4590764331210191,KT,kbo-official,False
kbo-62907,bakminu,2020,KBO,NC,batter,27.0,530.0,126.0,0.0716981132075471,0.090566037735849,0.1306209850107066,0.3722627737226277,0.0150943396226415,0.345,0.402,0.475,0.3795094339622641,265.0,265.0,0.3795094339622641,0.3795094339622641,NC,kbo-official,False
kbo-name-pereunandeseu,pereunandeseu,2020,KBO,dusan,batter,27.0,668.0,144.0,0.0883233532934131,0.0628742514970059,0.1569965870307167,0.3403441682600382,0.0314371257485029,0.34,0.404,0.497,0.392559880239521,334.0,334.0,0.392559880239521,0.392559880239521,두산,kbo-official,False
kbo-name-ijeonghu,ijeonghu,2020,KBO,kium,batter,27.0,617.0,140.0,0.1053484602917342,0.0761750405186385,0.1911764705882352,0.3443983402489626,0.0243111831442463,0.333,0.397,0.524,0.3905348460291734,308.5,308.5,0.3905348460291734,0.3905348460291734,키움,kbo-official,False
kbo-79240,heogyeongmin,2020,KBO,dusan,batter,27.0,487.0,117.0,0.0759753593429158,0.0574948665297741,0.1098398169336384,0.3432835820895522,0.0143737166324435,0.332,0.382,0.442,0.3575359342915811,243.5,243.5,0.3575359342915811,0.3575359342915811,두산,kbo-official,False
kbo-76290,gimhyeonsu,2020,KBO,LG,batter,27.0,619.0,142.0,0.1130856219709208,0.08562197092084,0.1919561243144424,0.336864406779661,0.0355411954765751,0.331,0.397,0.523,0.3918416801292407,309.5,309.5,0.3918416801292407,0.3918416801292407,LG,kbo-official,False
kbo-68050,gangbaekho,2020,KBO,KT,batter,27.0,574.0,129.0,0.1306620209059233,0.1620209059233449,0.214,0.3697916666666667,0.0400696864111498,0.33,0.411,0.544,0.4042160278745644,287.0,287.0,0.4042160278745644,0.4042160278745644,KT,kbo-official,False
kbo-76232,yanguiji,2020,KBO,NC,batter,27.0,528.0,130.0,0.1003787878787878,0.0890151515151515,0.2754880694143167,0.3097112860892388,0.0625,0.328,0.4,0.603,0.4203030303030303,264.0,264.0,0.4203030303030303,0.4203030303030303,NC,kbo-official,False
kbo-62947,naseongbeom,2020,KBO,NC,batter,27.0,584.0,130.0,0.0873287671232876,0.2534246575342466,0.2723809523809524,0.3965014577259475,0.0582191780821917,0.324,0.39,0.596,0.422722602739726,292.0,292.0,0.422722602739726,0.422722602739726,NC,kbo-official,False
kbo-76313,hwangjaegyun,2020,KBO,KT,batter,27.0,600.0,134.0,0.0783333333333333,0.1633333333333333,0.199630314232902,0.3507109004739336,0.035,0.312,0.37,0.512,0.3813333333333333,300.0,300.0,0.3813333333333333,0.3813333333333333,KT,kbo-official,False
kbo-66838,gimdongyeop,2020,KBO,samseong,batter,27.0,451.0,115.0,0.0643015521064301,0.1751662971175166,0.1961259079903147,0.3471337579617834,0.0443458980044345,0.312,0.36,0.508,0.3766740576496674,225.5,225.5,0.3766740576496674,0.3766740576496674,삼성,kbo-official,False
kbo-name-ojaeil,ojaeil,2020,KBO,dusan,batter,27.0,534.0,127.0,0.1161048689138576,0.1722846441947565,0.1698513800424628,0.3608815426997245,0.0299625468164794,0.312,0.39,0.482,0.3815543071161048,267.0,267.0,0.3815543071161048,0.3815543071161048,두산,kbo-official,False
kbo-62404,gujauk,2020,KBO,samseong,batter,27.0,510.0,118.0,0.1058823529411764,0.1784313725490196,0.1704035874439461,0.3588235294117647,0.0294117647058823,0.307,0.385,0.478,0.3738823529411765,255.0,255.0,0.3738823529411765,0.3738823529411765,삼성,kbo-official,False
kbo-76267,choejuhwan,2020,KBO,dusan,batter,27.0,574.0,140.0,0.0905923344947735,0.1149825783972125,0.1669941060903732,0.3278688524590163,0.0278745644599303,0.306,0.366,0.473,0.359163763066202,287.0,287.0,0.359163763066202,0.359163763066202,두산,kbo-official,False
kbo-name-teokeo,teokeo,2020,KBO,KIA,batter,27.0,631.0,142.0,0.1251980982567353,0.1061806656101426,0.2509225092250922,0.3024830699774266,0.0507131537242472,0.306,0.398,0.557,0.4096830427892234,315.5,315.5,0.4096830427892234,0.4096830427892234,KIA,kbo-official,False
kbo-name-bakseokmin,bakseokmin,2020,KBO,NC,batter,27.0,448.0,123.0,0.171875,0.1383928571428571,0.1601123595505618,0.3392857142857143,0.03125,0.306,0.436,0.466,0.3955803571428571,224.0,224.0,0.3955803571428571,0.3955803571428571,NC,kbo-official,False
kbo-name-imyeonggi,imyeonggi,2020,KBO,NC,batter,27.0,540.0,136.0,0.0925925925925925,0.1444444444444444,0.0628930817610062,0.36272040302267,0.0037037037037037,0.306,0.374,0.369,0.3310555555555555,270.0,270.0,0.3310555555555555,0.3310555555555555,NC,kbo-official,False
kbo-name-gimhaseong,gimhaseong,2020,KBO,kium,batter,27.0,622.0,138.0,0.1254019292604501,0.1093247588424437,0.2176360225140713,0.3057471264367816,0.0482315112540192,0.306,0.397,0.523,0.3965594855305466,311.0,311.0,0.3965594855305466,0.3965594855305466,키움,kbo-official,False
kbo-79402,gimsangsu,2020,KBO,samseong,batter,27.0,471.0,120.0,0.1188959660297239,0.1167728237791932,0.0965346534653465,0.3430232558139535,0.0106157112526539,0.304,0.397,0.401,0.3557749469214437,235.5,235.5,0.3557749469214437,0.3557749469214437,삼성,kbo-official,False
kbo-79215,bakgeonu,2020,KBO,dusan,batter,27.0,551.0,129.0,0.0798548094373865,0.1179673321234119,0.1683778234086242,0.3284313725490196,0.0254083484573502,0.304,0.369,0.472,0.363157894736842,275.5,275.5,0.363157894736842,0.363157894736842,두산,kbo-official,False
kbo-79109,ojihwan,2020,KBO,LG,batter,27.0,591.0,141.0,0.077834179357022,0.1962774957698815,0.1612903225806451,0.3690773067331671,0.0169204737732656,0.3,0.362,0.461,0.3557529610829103,295.5,295.5,0.3557529610829103,0.3557529610829103,LG,kbo-official,False
kbo-79231,jeongsubin,2020,KBO,dusan,batter,27.0,559.0,141.0,0.1037567084078712,0.1001788908765653,0.0979591836734693,0.3286713286713286,0.0089445438282647,0.298,0.368,0.396,0.3320393559928444,279.5,279.5,0.3320393559928444,0.3320393559928444,두산,kbo-official,False
kbo-name-joyongho,joyongho,2020,KBO,KT,batter,27.0,482.0,132.0,0.1348547717842323,0.1721991701244813,0.0366748166259168,0.3711656441717791,0.0,0.296,0.392,0.333,0.3284232365145228,241.0,241.0,0.3284232365145228,0.3284232365145228,KT,kbo-official,False
kbo-name-jeonghun,jeonghun,2020,KBO,rotde,batter,27.0,476.0,111.0,0.1176470588235294,0.1785714285714285,0.1317073170731707,0.3503184713375796,0.0231092436974789,0.295,0.382,0.427,0.3581302521008403,238.0,238.0,0.3581302521008403,0.3581302521008403,롯데,kbo-official,False
kbo-79192,chaeeunseong,2020,KBO,LG,batter,27.0,464.0,109.0,0.0711206896551724,0.1487068965517241,0.1586538461538461,0.322289156626506,0.0323275862068965,0.293,0.351,0.452,0.3502586206896552,232.0,232.0,0.3502586206896552,0.3502586206896552,LG,kbo-official,False
kbo-name-idaeho,idaeho,2020,KBO,rotde,batter,27.0,611.0,144.0,0.1014729950900163,0.1112929623567921,0.1605166051660516,0.3039647577092511,0.0327332242225859,0.292,0.354,0.452,0.342127659574468,305.5,305.5,0.342127659574468,0.342127659574468,롯데,kbo-official,False
kbo-name-najiwan,najiwan,2020,KBO,KIA,batter,27.0,556.0,137.0,0.1169064748201438,0.2050359712230215,0.1538461538461538,0.3531157270029673,0.0305755395683453,0.291,0.392,0.444,0.3704856115107914,278.0,278.0,0.3704856115107914,0.3704856115107914,KIA,kbo-official,False
kbo-62415,bakhaemin,2020,KBO,samseong,batter,27.0,541.0,132.0,0.0739371534195933,0.1423290203327172,0.1247443762781186,0.3266832917705736,0.0203327171903881,0.29,0.345,0.415,0.3300554528650647,270.5,270.5,0.3300554528650647,0.3300554528650647,삼성,kbo-official,False
kbo-name-ijeonghu,ijeonghu,2021,KBO,kium,batter,27.0,544.0,123.0,0.1158088235294117,0.0680147058823529,0.1616379310344827,0.3809523809523809,0.0128676470588235,0.36,0.438,0.522,0.4154595588235294,272.0,272.0,0.4154595588235294,0.4154595588235294,키움,kbo-official,False
kbo-78513,jeonjunu,2021,KBO,rotde,batter,27.0,619.0,144.0,0.08562197092084,0.1147011308562197,0.1213768115942029,0.390295358649789,0.011308562197092,0.348,0.405,0.469,0.3828756058158319,309.5,309.5,0.3828756058158319,0.3828756058158319,롯데,kbo-official,False
kbo-68050,gangbaekho,2021,KBO,KT,batter,27.0,627.0,142.0,0.1802232854864433,0.1355661881977671,0.1744186046511628,0.3927710843373494,0.0255183413078149,0.347,0.45,0.521,0.4127113237639554,313.5,313.5,0.4127113237639554,0.4127113237639554,KT,kbo-official,False
kbo-66108,hongchanggi,2021,KBO,LG,batter,27.0,651.0,144.0,0.17357910906298,0.1459293394777265,0.0801526717557251,0.3952941176470588,0.0061443932411674,0.328,0.456,0.408,0.3889861751152074,325.5,325.5,0.3889861751152074,0.3889861751152074,LG,kbo-official,False
kbo-79215,bakgeonu,2021,KBO,dusan,batter,27.0,525.0,126.0,0.099047619047619,0.1371428571428571,0.1157205240174672,0.3763157894736842,0.0114285714285714,0.325,0.4,0.441,0.3698095238095238,262.5,262.5,0.3698095238095238,0.3698095238095238,두산,kbo-official,False
kbo-76232,yanguiji,2021,KBO,NC,batter,27.0,570.0,141.0,0.1298245614035087,0.1052631578947368,0.25625,0.3230769230769231,0.0526315789473684,0.325,0.414,0.581,0.4205263157894736,285.0,285.0,0.4205263157894736,0.4205263157894736,NC,kbo-official,False
kbo-77532,sonaseop,2021,KBO,rotde,batter,27.0,610.0,139.0,0.1049180327868852,0.1098360655737704,0.077490774907749,0.3601694915254237,0.0049180327868852,0.319,0.39,0.397,0.3479672131147541,305.0,305.0,0.3479672131147541,0.3479672131147541,롯데,kbo-official,False
kbo-name-pereunandeseu,pereunandeseu,2021,KBO,dusan,batter,27.0,617.0,141.0,0.1102106969205834,0.0567260940032414,0.1277777777777777,0.3163265306122449,0.0243111831442463,0.315,0.391,0.443,0.3657536466774716,308.5,308.5,0.3657536466774716,0.3657536466774716,두산,kbo-official,False
kbo-78603,gimseonbin,2021,KBO,KIA,batter,27.0,564.0,130.0,0.1028368794326241,0.0691489361702127,0.0938123752495009,0.3260393873085339,0.0088652482269503,0.307,0.375,0.401,0.3426418439716312,282.0,282.0,0.3426418439716312,0.3426418439716312,KIA,kbo-official,False
kbo-79608,anchihong,2021,KBO,rotde,batter,27.0,490.0,119.0,0.110204081632653,0.1183673469387755,0.1520190023752969,0.3371104815864023,0.0204081632653061,0.306,0.379,0.458,0.3600612244897959,245.0,245.0,0.3600612244897959,0.3600612244897959,롯데,kbo-official,False
kbo-62404,gujauk,2021,KBO,samseong,batter,27.0,610.0,139.0,0.0836065573770491,0.160655737704918,0.2136279926335175,0.3404255319148936,0.0360655737704918,0.306,0.361,0.519,0.3744754098360656,305.0,305.0,0.3744754098360656,0.3744754098360656,삼성,kbo-official,False
kbo-name-gimhyeseong,gimhyeseong,2021,KBO,kium,batter,27.0,635.0,144.0,0.1070866141732283,0.152755905511811,0.0626118067978533,0.3638344226579521,0.0047244094488188,0.304,0.372,0.367,0.3279055118110237,317.5,317.5,0.3279055118110237,0.3279055118110237,키움,kbo-official,False
kbo-67893,bakseonghan,2021,KBO,SSG,batter,27.0,471.0,135.0,0.1040339702760085,0.1549893842887473,0.085995085995086,0.3606060606060606,0.0084925690021231,0.302,0.377,0.388,0.3345010615711252,235.5,235.5,0.3345010615711252,0.3345010615711252,SSG,kbo-official,False
kbo-name-iyonggyu,iyonggyu,2021,KBO,kium,batter,27.0,547.0,133.0,0.1334552102376599,0.0840950639853747,0.0762527233115468,0.3276699029126214,0.0018281535648994,0.296,0.392,0.373,0.3389031078610603,273.5,273.5,0.3389031078610603,0.3389031078610603,키움,kbo-official,False
kbo-66606,choewonjun,2021,KBO,KIA,batter,27.0,668.0,143.0,0.091317365269461,0.1017964071856287,0.0764006791171477,0.3288201160541586,0.0059880239520958,0.295,0.37,0.372,0.332440119760479,334.0,334.0,0.332440119760479,0.332440119760479,KIA,kbo-official,False
kbo-name-jeonghun,jeonghun,2021,KBO,rotde,batter,27.0,561.0,135.0,0.1354723707664884,0.1586452762923351,0.1460905349794238,0.3342036553524804,0.0249554367201426,0.292,0.38,0.438,0.3527094474153298,280.5,280.5,0.3527094474153298,0.3527094474153298,롯데,kbo-official,False
kbo-76313,hwangjaegyun,2021,KBO,KT,batter,27.0,507.0,117.0,0.0927021696252465,0.1814595660749507,0.1103752759381898,0.3475783475783476,0.019723865877712,0.291,0.358,0.402,0.335956607495069,253.5,253.5,0.335956607495069,0.335956607495069,KT,kbo-official,False
kbo-62415,bakhaemin,2021,KBO,samseong,batter,27.0,542.0,127.0,0.1309963099630996,0.1512915129151291,0.0859030837004405,0.3460490463215259,0.0092250922509225,0.291,0.383,0.377,0.3339667896678966,271.0,271.0,0.3339667896678966,0.3339667896678966,삼성,kbo-official,False
kbo-74540,gangminho,2021,KBO,samseong,batter,27.0,462.0,123.0,0.106060606060606,0.1147186147186147,0.1871921182266009,0.2985074626865671,0.0389610389610389,0.291,0.361,0.478,0.3600216450216451,231.0,231.0,0.3600216450216451,0.3600216450216451,삼성,kbo-official,False
kbo-name-idaeho,idaeho,2021,KBO,rotde,batter,27.0,465.0,114.0,0.0795698924731182,0.1075268817204301,0.1619047619047619,0.2877492877492877,0.0408602150537634,0.286,0.342,0.448,0.3418494623655913,232.5,232.5,0.3418494623655913,0.3418494623655913,롯데,kbo-official,False
kbo-name-pirelra,pirelra,2021,KBO,samseong,batter,27.0,621.0,140.0,0.0950080515297906,0.143317230273752,0.2097649186256781,0.296551724137931,0.0466988727858293,0.286,0.359,0.495,0.3709822866344606,310.5,310.5,0.3709822866344606,0.3709822866344606,삼성,kbo-official,False
kbo-name-ojaeil,ojaeil,2021,KBO,samseong,batter,27.0,484.0,120.0,0.1363636363636363,0.2190082644628099,0.2272727272727272,0.3275261324041811,0.0516528925619834,0.285,0.366,0.512,0.3683057851239669,242.0,242.0,0.3683057851239669,0.3683057851239669,삼성,kbo-official,False
kbo-76290,gimhyeonsu,2021,KBO,LG,batter,27.0,595.0,140.0,0.1378151260504201,0.0705882352941176,0.150197628458498,0.2841163310961969,0.0285714285714285,0.285,0.376,0.435,0.3530084033613446,297.5,297.5,0.3530084033613446,0.3530084033613446,LG,kbo-official,False
kbo-68743,jeongeunwon,2021,KBO,hanhwa,batter,27.0,608.0,139.0,0.1743421052631578,0.1726973684210526,0.101010101010101,0.3489583333333333,0.0098684210526315,0.283,0.407,0.384,0.3558388157894736,304.0,304.0,0.3558388157894736,0.3558388157894736,한화,kbo-official,False
kbo-62947,naseongbeom,2021,KBO,NC,batter,27.0,623.0,144.0,0.0642054574638844,0.2487961476725521,0.2280701754385964,0.3324607329842932,0.0529695024077046,0.281,0.335,0.509,0.3641091492776886,311.5,311.5,0.3641091492776886,0.3641091492776886,NC,kbo-official,False
kbo-name-machado,machado,2021,KBO,rotde,batter,27.0,539.0,134.0,0.1094619666048237,0.1205936920222634,0.0815450643776824,0.3156565656565656,0.0092764378478664,0.279,0.359,0.361,0.3203525046382189,269.5,269.5,0.3203525046382189,0.3203525046382189,롯데,kbo-official,False
kbo-62895,hanyuseom,2021,KBO,SSG,batter,27.0,519.0,135.0,0.1233140655105973,0.1849710982658959,0.255656108597285,0.2920634920634921,0.0597302504816955,0.278,0.373,0.534,0.3861078998073218,259.5,259.5,0.3861078998073218,0.3861078998073218,SSG,kbo-official,False
kbo-79240,heogyeongmin,2021,KBO,dusan,batter,27.0,518.0,136.0,0.0714285714285714,0.0675675675675675,0.0876068376068376,0.2920560747663551,0.0096525096525096,0.278,0.338,0.365,0.3117953667953668,259.0,259.0,0.3117953667953668,0.3117953667953668,두산,kbo-official,False
kbo-75847,choejeong,2021,KBO,SSG,batter,27.0,555.0,134.0,0.1567567567567567,0.1837837837837838,0.2844036697247706,0.2876254180602006,0.063063063063063,0.278,0.41,0.562,0.4125405405405405,277.5,277.5,0.4125405405405405,0.4125405405405405,SSG,kbo-official,False
kbo-79192,chaeeunseong,2021,KBO,LG,batter,27.0,448.0,110.0,0.0892857142857142,0.1785714285714285,0.1757105943152454,0.3127147766323024,0.0357142857142857,0.276,0.359,0.452,0.35390625,224.0,224.0,0.35390625,0.35390625,LG,kbo-official,False
kbo-name-ijeonghu,ijeonghu,2022,KBO,kium,batter,27.0,627.0,142.0,0.124401913875598,0.0510366826156299,0.2260397830018083,0.3413654618473896,0.036682615629984,0.349,0.421,0.575,0.416969696969697,313.5,313.5,0.416969696969697,0.416969696969697,키움,kbo-official,False
kbo-name-pirelra,pirelra,2022,KBO,samseong,batter,27.0,630.0,141.0,0.1063492063492063,0.1285714285714285,0.2228163992869875,0.3628318584070796,0.0444444444444444,0.342,0.411,0.565,0.4103650793650793,315.0,315.0,0.4103650793650793,0.4103650793650793,삼성,kbo-official,False
kbo-79215,bakgeonu,2022,KBO,NC,batter,27.0,463.0,111.0,0.0971922246220302,0.1339092872570194,0.1225490196078431,0.3779761904761904,0.0215982721382289,0.336,0.408,0.458,0.382354211663067,231.5,231.5,0.382354211663067,0.382354211663067,NC,kbo-official,False
kbo-name-idaeho,idaeho,2022,KBO,rotde,batter,27.0,591.0,142.0,0.0846023688663282,0.0947546531302876,0.1703703703703703,0.3383947939262473,0.038917089678511,0.331,0.379,0.502,0.3759052453468697,295.5,295.5,0.3759052453468697,0.3759052453468697,롯데,kbo-official,False
kbo-62947,naseongbeom,2022,KBO,KIA,batter,27.0,649.0,144.0,0.1078582434514637,0.2110939907550077,0.1882770870337478,0.3925925925925926,0.0323574730354391,0.32,0.402,0.508,0.3916024653312789,324.5,324.5,0.3916024653312789,0.3916024653312789,KIA,kbo-official,False
kbo-name-gimhyeseong,gimhyeseong,2022,KBO,kium,batter,27.0,566.0,129.0,0.0883392226148409,0.146643109540636,0.0852713178294573,0.372960372960373,0.0070671378091872,0.318,0.373,0.403,0.3411837455830389,283.0,283.0,0.3411837455830389,0.3411837455830389,키움,kbo-official,False
kbo-69102,munbogyeong,2022,KBO,LG,batter,27.0,466.0,126.0,0.1030042918454935,0.1201716738197424,0.1354679802955665,0.3489736070381232,0.01931330472103,0.315,0.382,0.451,0.3601287553648069,233.0,233.0,0.3601287553648069,0.3601287553648069,LG,kbo-official,False
kbo-name-sokeurateseu,sokeurateseu,2022,KBO,KIA,batter,27.0,554.0,127.0,0.0685920577617328,0.1462093862815884,0.1828793774319066,0.34375,0.0306859205776173,0.311,0.354,0.494,0.3632490974729242,277.0,277.0,0.3632490974729242,0.3632490974729242,KIA,kbo-official,False
kbo-name-pereunandeseu,pereunandeseu,2022,KBO,dusan,batter,27.0,550.0,139.0,0.0636363636363636,0.0818181818181818,0.0905511811023622,0.3304157549234136,0.0109090909090909,0.309,0.353,0.4,0.3331272727272727,275.0,275.0,0.3331272727272727,0.3331272727272727,두산,kbo-official,False
kbo-name-joyongho,joyongho,2022,KBO,KT,batter,27.0,531.0,131.0,0.0979284369114877,0.1393596986817326,0.0738396624472573,0.3602015113350126,0.0056497175141242,0.308,0.374,0.382,0.3337664783427495,265.5,265.5,0.3337664783427495,0.3337664783427495,KT,kbo-official,False
kbo-68525,handonghui,2022,KBO,rotde,batter,27.0,499.0,129.0,0.0701402805611222,0.1282565130260521,0.1513157894736842,0.3333333333333333,0.0280561122244488,0.307,0.359,0.458,0.3557314629258516,249.5,249.5,0.3557314629258516,0.3557314629258516,롯데,kbo-official,False
kbo-78513,jeonjunu,2022,KBO,rotde,batter,27.0,517.0,120.0,0.06963249516441,0.1411992263056092,0.1404255319148936,0.3419689119170984,0.0212765957446808,0.304,0.35,0.445,0.3456673114119922,258.5,258.5,0.3456673114119922,0.3456673114119922,롯데,kbo-official,False
kbo-50854,choejihun,2022,KBO,SSG,batter,27.0,640.0,144.0,0.0734375,0.1203125,0.1230228471001757,0.3381742738589212,0.015625,0.304,0.362,0.427,0.34159375,320.0,320.0,0.34159375,0.34159375,SSG,kbo-official,False
kbo-67893,bakseonghan,2022,KBO,SSG,batter,27.0,564.0,140.0,0.1081560283687943,0.1436170212765957,0.0769230769230769,0.3527980535279805,0.0035460992907801,0.298,0.375,0.374,0.3323404255319148,282.0,282.0,0.3323404255319148,0.3323404255319148,SSG,kbo-official,False
kbo-name-matini,matini,2022,KBO,NC,batter,27.0,576.0,139.0,0.0972222222222222,0.1493055555555555,0.1647058823529411,0.3308823529411764,0.0277777777777777,0.296,0.365,0.461,0.3557291666666666,288.0,288.0,0.3557291666666666,0.3557291666666666,NC,kbo-official,False
kbo-79192,chaeeunseong,2022,KBO,LG,batter,27.0,526.0,126.0,0.0570342205323193,0.1673003802281368,0.1413276231263383,0.3433242506811989,0.0228136882129277,0.296,0.354,0.437,0.3428897338403042,263.0,263.0,0.3428897338403042,0.3428897338403042,LG,kbo-official,False
kbo-62415,bakhaemin,2022,KBO,LG,batter,27.0,636.0,144.0,0.0691823899371069,0.1336477987421383,0.0789473684210526,0.3360995850622407,0.0047169811320754,0.289,0.347,0.368,0.3156603773584906,318.0,318.0,0.3156603773584906,0.3156603773584906,LG,kbo-official,False
kbo-79240,heogyeongmin,2022,KBO,dusan,batter,27.0,493.0,121.0,0.0791075050709939,0.0811359026369168,0.1087962962962963,0.3046875,0.0162271805273833,0.289,0.36,0.398,0.3325760649087221,246.5,246.5,0.3325760649087221,0.3325760649087221,두산,kbo-official,False
kbo-name-teokeumeon,teokeumeon,2022,KBO,hanhwa,batter,27.0,648.0,144.0,0.1064814814814814,0.1604938271604938,0.1408695652173913,0.3355119825708061,0.0185185185185185,0.289,0.366,0.43,0.3472067901234568,324.0,324.0,0.3472067901234568,0.3472067901234568,한화,kbo-official,False
kbo-78603,gimseonbin,2022,KBO,KIA,batter,27.0,587.0,140.0,0.110732538330494,0.080068143100511,0.0633663366336633,0.3120879120879121,0.0051107325383304,0.287,0.373,0.35,0.3246848381601362,293.5,293.5,0.3246848381601362,0.3246848381601362,KIA,kbo-official,False
kbo-76290,gimhyeonsu,2022,KBO,LG,batter,27.0,604.0,141.0,0.1291390728476821,0.1026490066225165,0.1870229007633587,0.2892938496583143,0.0380794701986755,0.286,0.375,0.473,0.3643211920529801,302.0,302.0,0.3643211920529801,0.3643211920529801,LG,kbo-official,False
kbo-66108,hongchanggi,2022,KBO,LG,batter,27.0,525.0,118.0,0.1123809523809523,0.1428571428571428,0.068649885583524,0.3434903047091412,0.0019047619047619,0.286,0.39,0.355,0.3371238095238095,262.5,262.5,0.3371238095238095,0.3371238095238095,LG,kbo-official,False
kbo-79608,anchihong,2022,KBO,rotde,batter,27.0,562.0,132.0,0.097864768683274,0.092526690391459,0.152129817444219,0.2950819672131147,0.0249110320284697,0.284,0.354,0.436,0.3381138790035587,281.0,281.0,0.3381138790035587,0.3381138790035587,롯데,kbo-official,False
kbo-76232,yanguiji,2022,KBO,NC,batter,27.0,510.0,130.0,0.1294117647058823,0.0941176470588235,0.1967213114754098,0.2813370473537604,0.0392156862745098,0.283,0.38,0.48,0.3679019607843137,255.0,255.0,0.3679019607843137,0.3679019607843137,NC,kbo-official,False
kbo-69737,nosihwan,2022,KBO,hanhwa,batter,27.0,490.0,115.0,0.1,0.1938775510204081,0.1013824884792626,0.3483483483483483,0.0122448979591836,0.281,0.355,0.382,0.3285714285714285,245.0,245.0,0.3285714285714285,0.3285714285714285,한화,kbo-official,False
kbo-62931,nojinhyeok,2022,KBO,NC,batter,27.0,451.0,115.0,0.106430155210643,0.2328159645232816,0.1742424242424242,0.3478260869565217,0.0332594235033259,0.28,0.353,0.455,0.3469623059866962,225.5,225.5,0.3469623059866962,0.3469623059866962,NC,kbo-official,False
kbo-77532,sonaseop,2022,KBO,NC,batter,27.0,617.0,138.0,0.0988654781199351,0.1231766612641815,0.0894160583941605,0.3162393162393162,0.006482982171799,0.277,0.347,0.367,0.316936790923825,308.5,308.5,0.316936790923825,0.316936790923825,NC,kbo-official,False
kbo-name-puigeu,puigeu,2022,KBO,kium,batter,27.0,547.0,126.0,0.1078610603290676,0.1828153564899451,0.1966173361522198,0.3125,0.0383912248628884,0.277,0.367,0.474,0.3681352833638026,273.5,273.5,0.3681352833638026,0.3681352833638026,키움,kbo-official,False
kbo-name-bakbyeongho,bakbyeongho,2022,KBO,KT,batter,27.0,487.0,124.0,0.0882956878850102,0.2689938398357289,0.2843822843822843,0.3155893536121673,0.0718685831622176,0.275,0.349,0.559,0.3860369609856263,243.5,243.5,0.3860369609856263,0.3860369609856263,KT,kbo-official,False
kbo-62234,ryujihyeok,2022,KBO,KIA,batter,27.0,477.0,127.0,0.1174004192872117,0.1740041928721174,0.0716049382716049,0.340625,0.0041928721174004,0.274,0.369,0.346,0.320440251572327,238.5,238.5,0.320440251572327,0.320440251572327,KIA,kbo-official,False
kbo-77532,sonaseop,2023,KBO,NC,batter,27.0,609.0,140.0,0.0853858784893267,0.1100164203612479,0.1034482758620689,0.3799582463465553,0.0082101806239737,0.339,0.393,0.443,0.3660262725779967,304.5,304.5,0.3660262725779967,0.3660262725779967,NC,kbo-official,False
kbo-62404,gujauk,2023,KBO,samseong,batter,27.0,515.0,119.0,0.1067961165048543,0.1572815533980582,0.1589403973509933,0.3905817174515235,0.0213592233009708,0.336,0.407,0.494,0.3911650485436893,257.5,257.5,0.3911650485436893,0.3911650485436893,삼성,kbo-official,False
kbo-name-gimhyeseong,gimhyeseong,2023,KBO,kium,batter,27.0,621.0,137.0,0.0966183574879227,0.1239935587761674,0.1115107913669064,0.3792372881355932,0.0112721417069243,0.335,0.396,0.446,0.3684863123993558,310.5,310.5,0.3684863123993558,0.3684863123993558,키움,kbo-official,False
kbo-66108,hongchanggi,2023,KBO,LG,batter,27.0,643.0,141.0,0.1415241057542768,0.1290824261275272,0.0801526717557251,0.3931818181818182,0.0015552099533437,0.332,0.444,0.412,0.3815241057542768,321.5,321.5,0.3815241057542768,0.3815241057542768,LG,kbo-official,False
kbo-53827,eredia,2023,KBO,SSG,batter,27.0,523.0,122.0,0.0822179732313575,0.1434034416826003,0.1374207188160676,0.3652849740932642,0.022944550669216,0.323,0.385,0.461,0.3677629063097514,261.5,261.5,0.3677629063097514,0.3677629063097514,SSG,kbo-official,False
kbo-78603,gimseonbin,2023,KBO,KIA,batter,27.0,473.0,119.0,0.080338266384778,0.054968287526427,0.0381861575178997,0.3409669211195928,0.0,0.32,0.381,0.358,0.3280338266384778,236.5,236.5,0.3280338266384778,0.3280338266384778,KIA,kbo-official,False
kbo-79215,bakgeonu,2023,KBO,NC,batter,27.0,533.0,130.0,0.1050656660412758,0.1332082551594746,0.1615720524017467,0.3573333333333333,0.0225140712945591,0.319,0.397,0.48,0.3826641651031895,266.5,266.5,0.3826641651031895,0.3826641651031895,NC,kbo-official,False
kbo-62907,bakminu,2023,KBO,NC,batter,27.0,509.0,124.0,0.0844793713163064,0.111984282907662,0.0884955752212389,0.3587786259541984,0.0039292730844793,0.316,0.381,0.405,0.3426522593320236,254.5,254.5,0.3426522593320236,0.3426522593320236,NC,kbo-official,False
kbo-53123,oseutin,2023,KBO,LG,batter,27.0,583.0,139.0,0.0943396226415094,0.1286449399656946,0.2038461538461538,0.3317535545023696,0.039451114922813,0.313,0.376,0.517,0.3845454545454544,291.5,291.5,0.3845454545454544,0.3845454545454544,LG,kbo-official,False
kbo-78513,jeonjunu,2023,KBO,rotde,batter,27.0,559.0,138.0,0.1001788908765653,0.1162790697674418,0.1582150101419878,0.3333333333333333,0.0304114490161001,0.312,0.381,0.471,0.368443649373882,279.5,279.5,0.368443649373882,0.368443649373882,롯데,kbo-official,False
kbo-76232,yanguiji,2023,KBO,dusan,batter,27.0,510.0,129.0,0.1274509803921568,0.1098039215686274,0.1685649202733485,0.319672131147541,0.0333333333333333,0.305,0.396,0.474,0.3731372549019608,255.0,255.0,0.3731372549019608,0.3731372549019608,두산,kbo-official,False
kbo-72443,choehyeongu,2023,KBO,KIA,batter,27.0,508.0,121.0,0.1299212598425196,0.1633858267716535,0.185614849187935,0.3413897280966767,0.0334645669291338,0.302,0.4,0.487,0.3881496062992126,254.0,254.0,0.3881496062992126,0.3881496062992126,KIA,kbo-official,False
kbo-64646,bakchanho,2023,KBO,KIA,batter,27.0,507.0,130.0,0.0788954635108481,0.1104536489151873,0.077433628318584,0.3384223918575064,0.0059171597633136,0.301,0.356,0.378,0.3224260355029585,253.5,253.5,0.3224260355029585,0.3224260355029585,KIA,kbo-official,False
kbo-69102,munbogyeong,2023,KBO,LG,batter,27.0,542.0,131.0,0.1107011070110701,0.1531365313653136,0.1471215351812366,0.3484042553191489,0.018450184501845,0.301,0.377,0.448,0.3548708487084871,271.0,271.0,0.3548708487084871,0.3548708487084871,LG,kbo-official,False
kbo-69737,nosihwan,2023,KBO,hanhwa,batter,27.0,595.0,131.0,0.1327731092436974,0.1983193277310924,0.2431906614785992,0.3342465753424657,0.0521008403361344,0.298,0.388,0.541,0.3971428571428572,297.5,297.5,0.3971428571428572,0.3971428571428572,한화,kbo-official,False
kbo-75847,choejeong,2023,KBO,SSG,batter,27.0,552.0,128.0,0.1177536231884057,0.1576086956521739,0.2505307855626327,0.3126760563380282,0.0525362318840579,0.297,0.388,0.548,0.3964492753623188,276.0,276.0,0.3964492753623188,0.3964492753623188,SSG,kbo-official,False
kbo-64004,gimminhyeok,2023,KBO,KT,batter,27.0,448.0,113.0,0.0803571428571428,0.1071428571428571,0.08816120906801,0.3323699421965317,0.0066964285714285,0.297,0.356,0.385,0.3246428571428572,224.0,224.0,0.3246428571428572,0.3246428571428572,KT,kbo-official,False
kbo-76313,hwangjaegyun,2023,KBO,KT,batter,27.0,457.0,109.0,0.1006564551422319,0.1400437636761488,0.1179361179361179,0.3382789317507418,0.0131291028446389,0.295,0.366,0.413,0.3424070021881839,228.5,228.5,0.3424070021881839,0.3424070021881839,KT,kbo-official,False
kbo-68119,munseongju,2023,KBO,LG,batter,27.0,534.0,136.0,0.1254681647940075,0.0636704119850187,0.0779510022271715,0.3147699757869249,0.0037453183520599,0.294,0.392,0.372,0.3423033707865168,267.0,267.0,0.3423033707865168,0.3423033707865168,LG,kbo-official,False
kbo-76290,gimhyeonsu,2023,KBO,LG,batter,27.0,556.0,133.0,0.1115107913669064,0.0953237410071942,0.0901639344262295,0.3193473193473193,0.0107913669064748,0.293,0.364,0.383,0.327931654676259,278.0,278.0,0.327931654676259,0.327931654676259,LG,kbo-official,False
kbo-79608,anchihong,2023,KBO,rotde,batter,27.0,494.0,121.0,0.1052631578947368,0.1072874493927125,0.108235294117647,0.3186813186813186,0.0161943319838056,0.292,0.374,0.4,0.3386842105263158,247.0,247.0,0.3386842105263158,0.3386842105263158,롯데,kbo-official,False
kbo-74540,gangminho,2023,KBO,samseong,batter,27.0,495.0,125.0,0.107070707070707,0.1313131313131313,0.1543778801843318,0.311614730878187,0.0323232323232323,0.29,0.366,0.445,0.3516969696969696,247.5,247.5,0.3516969696969696,0.3516969696969696,삼성,kbo-official,False
kbo-name-alpodeu,alpodeu,2023,KBO,KT,batter,27.0,547.0,133.0,0.0877513711151736,0.2559414990859232,0.1670061099796334,0.3779761904761904,0.0274223034734917,0.289,0.356,0.456,0.3556855575868373,273.5,273.5,0.3556855575868373,0.3556855575868373,KT,kbo-official,False
kbo-78548,jangseongu,2023,KBO,KT,batter,27.0,464.0,131.0,0.0926724137931034,0.1508620689655172,0.1341463414634146,0.3252279635258359,0.0237068965517241,0.288,0.351,0.422,0.3371120689655172,232.0,232.0,0.3371120689655172,0.3371120689655172,KT,kbo-official,False
kbo-79231,jeongsubin,2023,KBO,dusan,batter,27.0,583.0,137.0,0.111492281303602,0.1080617495711835,0.0843373493975903,0.325635103926097,0.0034305317324185,0.287,0.375,0.371,0.3285591766723842,291.5,291.5,0.3285591766723842,0.3285591766723842,두산,kbo-official,False
kbo-name-pirelra,pirelra,2023,KBO,samseong,batter,27.0,605.0,139.0,0.0776859504132231,0.1140495867768595,0.1400359066427289,0.3029661016949153,0.0264462809917355,0.285,0.339,0.425,0.3316528925619835,302.5,302.5,0.3316528925619835,0.3316528925619835,삼성,kbo-official,False
kbo-name-sokeurateseu,sokeurateseu,2023,KBO,KIA,batter,27.0,608.0,142.0,0.0921052631578947,0.131578947368421,0.1773308957952468,0.3042505592841163,0.0328947368421052,0.285,0.344,0.463,0.3467927631578947,304.0,304.0,0.3467927631578947,0.3467927631578947,KIA,kbo-official,False
kbo-62415,bakhaemin,2023,KBO,LG,batter,27.0,558.0,144.0,0.0806451612903225,0.1326164874551971,0.0742268041237113,0.3259259259259259,0.010752688172043,0.285,0.348,0.359,0.3047849462365591,279.0,279.0,0.3047849462365591,0.3047849462365591,LG,kbo-official,False
kbo-name-bakbyeongho,bakbyeongho,2023,KBO,KT,batter,27.0,493.0,132.0,0.0973630831643002,0.2312373225152129,0.1600928074245939,0.3478260869565217,0.0365111561866125,0.283,0.357,0.443,0.3492494929006086,246.5,246.5,0.3492494929006086,0.3492494929006086,KT,kbo-official,False
kbo-name-matin,matin,2023,KBO,NC,batter,27.0,503.0,118.0,0.1172962226640159,0.2127236580516898,0.1724137931034483,0.3408360128617363,0.0337972166998011,0.283,0.36,0.455,0.3534194831013917,251.5,251.5,0.3534194831013917,0.3534194831013917,NC,kbo-official,False
kbo-53827,eredia,2024,KBO,SSG,batter,27.0,591.0,136.0,0.0524534686971235,0.1235194585448392,0.177449168207024,0.3892617449664429,0.0355329949238578,0.36,0.399,0.538,0.4028426395939086,295.5,295.5,0.4028426395939086,0.4028426395939086,SSG,kbo-official,False
kbo-54529,reiyeseu,2024,KBO,rotde,batter,27.0,632.0,144.0,0.0759493670886076,0.1297468354430379,0.1585365853658536,0.3920335429769392,0.0237341772151898,0.352,0.394,0.51,0.389873417721519,316.0,316.0,0.389873417721519,0.389873417721519,롯데,kbo-official,False
kbo-52605,gimdoyeong,2024,KBO,KIA,batter,27.0,625.0,141.0,0.1168,0.176,0.2996323529411764,0.3813131313131313,0.0608,0.347,0.42,0.647,0.445216,312.5,312.5,0.445216,0.445216,KIA,kbo-official,False
kbo-62404,gujauk,2024,KBO,samseong,batter,27.0,568.0,129.0,0.1038732394366197,0.1285211267605633,0.2839756592292089,0.3514211886304909,0.0580985915492957,0.343,0.417,0.627,0.4396478873239436,284.0,284.0,0.4396478873239436,0.4396478873239436,삼성,kbo-official,False
kbo-name-songseongmun,songseongmun,2024,KBO,kium,batter,27.0,602.0,142.0,0.1096345514950166,0.1362126245847176,0.1783681214421252,0.3755868544600939,0.0315614617940199,0.34,0.409,0.518,0.4006312292358804,301.0,301.0,0.4006312292358804,0.4006312292358804,키움,kbo-official,False
kbo-66108,hongchanggi,2024,KBO,LG,batter,27.0,637.0,139.0,0.1554160125588697,0.1459968602825745,0.0744274809160305,0.4014084507042254,0.0078492935635792,0.336,0.447,0.41,0.3838775510204082,318.5,318.5,0.3838775510204082,0.3838775510204082,LG,kbo-official,False
kbo-name-rohaseu,rohaseu,2024,KBO,KT,batter,27.0,670.0,144.0,0.144776119402985,0.1716417910447761,0.2395104895104895,0.3670588235294117,0.0477611940298507,0.329,0.421,0.568,0.4185373134328358,335.0,335.0,0.4185373134328358,0.4185373134328358,KT,kbo-official,False
kbo-78603,gimseonbin,2024,KBO,KIA,batter,27.0,466.0,116.0,0.0643776824034334,0.0836909871244635,0.1182033096926714,0.3466666666666667,0.01931330472103,0.329,0.38,0.447,0.3597424892703863,233.0,233.0,0.3597424892703863,0.3597424892703863,KIA,kbo-official,False
kbo-62907,bakminu,2024,KBO,NC,batter,27.0,528.0,121.0,0.1098484848484848,0.1496212121212121,0.1181619256017505,0.3837837837837838,0.0151515151515151,0.328,0.406,0.446,0.3702651515151515,264.0,264.0,0.3702651515151515,0.3702651515151515,NC,kbo-official,False
kbo-name-gimhyeseong,gimhyeseong,2024,KBO,kium,batter,27.0,567.0,127.0,0.0864197530864197,0.109347442680776,0.1316306483300589,0.3555045871559633,0.019400352733686,0.326,0.383,0.458,0.3664550264550265,283.5,283.5,0.3664550264550265,0.3664550264550265,키움,kbo-official,False
kbo-53123,oseutin,2024,KBO,LG,batter,27.0,604.0,140.0,0.1109271523178807,0.1357615894039735,0.25426944971537,0.3292978208232445,0.0529801324503311,0.319,0.384,0.573,0.4018211920529801,302.0,302.0,0.4018211920529801,0.4018211920529801,LG,kbo-official,False
kbo-50458,gimjichan,2024,KBO,samseong,batter,27.0,535.0,135.0,0.1158878504672897,0.0747663551401869,0.0684326710816777,0.3414634146341463,0.005607476635514,0.316,0.405,0.384,0.3470467289719626,267.5,267.5,0.3470467289719626,0.3470467289719626,삼성,kbo-official,False
kbo-76232,yanguiji,2024,KBO,dusan,batter,27.0,485.0,119.0,0.0927835051546391,0.1154639175257732,0.1651162790697674,0.330532212885154,0.0350515463917525,0.314,0.379,0.479,0.3689072164948453,242.5,242.5,0.3689072164948453,0.3689072164948453,두산,kbo-official,False
kbo-51551,naseungyeop,2024,KBO,rotde,batter,27.0,489.0,121.0,0.1431492842535787,0.1697341513292433,0.1572481572481572,0.3785488958990536,0.0143149284253578,0.312,0.411,0.469,0.3834764826175869,244.5,244.5,0.3834764826175869,0.3834764826175869,롯데,kbo-official,False
kbo-name-sokeurateseu,sokeurateseu,2024,KBO,KIA,batter,27.0,602.0,140.0,0.074750830564784,0.1511627906976744,0.2065217391304347,0.3333333333333333,0.0431893687707641,0.31,0.359,0.516,0.3748338870431894,301.0,301.0,0.3748338870431894,0.3748338870431894,KIA,kbo-official,False
kbo-79240,heogyeongmin,2024,KBO,dusan,batter,27.0,477.0,115.0,0.0754716981132075,0.0524109014675052,0.1175059952038369,0.3168831168831169,0.0146750524109014,0.309,0.384,0.427,0.3599999999999999,238.5,238.5,0.3599999999999999,0.3599999999999999,두산,kbo-official,False
kbo-69517,goseungmin,2024,KBO,rotde,batter,27.0,532.0,120.0,0.0770676691729323,0.1466165413533834,0.1683991683991684,0.3444730077120823,0.0263157894736842,0.308,0.358,0.476,0.361484962406015,266.0,266.0,0.361484962406015,0.361484962406015,롯데,kbo-official,False
kbo-64646,bakchanho,2024,KBO,KIA,batter,27.0,577.0,134.0,0.0849220103986135,0.0762564991334488,0.0796116504854368,0.3283261802575107,0.0086655112651646,0.307,0.363,0.386,0.3287175043327556,288.5,288.5,0.3287175043327556,0.3287175043327556,KIA,kbo-official,False
kbo-54944,deibiseun,2024,KBO,NC,batter,27.0,567.0,131.0,0.0776014109347442,0.2504409171075837,0.3273809523809524,0.3417721518987341,0.0811287477954144,0.306,0.37,0.633,0.4208994708994709,283.5,283.5,0.4208994708994709,0.4208994708994709,NC,kbo-official,False
kbo-74540,gangminho,2024,KBO,samseong,batter,27.0,452.0,136.0,0.081858407079646,0.1150442477876106,0.1935483870967742,0.3102409638554217,0.0420353982300885,0.303,0.365,0.496,0.3717920353982301,226.0,226.0,0.3717920353982301,0.3717920353982301,삼성,kbo-official,False
kbo-67893,bakseonghan,2024,KBO,SSG,batter,27.0,564.0,137.0,0.1187943262411347,0.1524822695035461,0.1104294478527607,0.3486005089058524,0.0177304964539007,0.301,0.38,0.411,0.34677304964539,282.0,282.0,0.34677304964539,0.34677304964539,SSG,kbo-official,False
kbo-69102,munbogyeong,2024,KBO,LG,batter,27.0,602.0,144.0,0.1129568106312292,0.1860465116279069,0.2061657032755298,0.348051948051948,0.0365448504983388,0.301,0.372,0.507,0.3740365448504983,301.0,301.0,0.3740365448504983,0.3740365448504983,LG,kbo-official,False
kbo-63963,gwonhuidong,2024,KBO,NC,batter,27.0,511.0,123.0,0.1526418786692759,0.1232876712328767,0.1514423076923076,0.3294117647058823,0.0254403131115459,0.3,0.417,0.452,0.3829941291585128,255.5,255.5,0.3829941291585128,0.3829941291585128,NC,kbo-official,False
kbo-79608,anchihong,2024,KBO,hanhwa,batter,27.0,533.0,128.0,0.0938086303939962,0.1313320825515947,0.1268498942917547,0.3307692307692307,0.024390243902439,0.3,0.37,0.427,0.3518386491557224,266.5,266.5,0.3518386491557224,0.3518386491557224,한화,kbo-official,False
kbo-65207,sinminjae,2024,KBO,LG,batter,27.0,474.0,128.0,0.1371308016877637,0.0991561181434599,0.0594315245478036,0.3382352941176471,0.0,0.297,0.401,0.357,0.3332911392405063,237.0,237.0,0.3332911392405063,0.3332911392405063,LG,kbo-official,False
kbo-76290,gimhyeonsu,2024,KBO,LG,batter,27.0,583.0,137.0,0.0823327615780446,0.1303602058319039,0.1237911025145067,0.3325635103926097,0.0137221269296741,0.294,0.357,0.418,0.340171526586621,291.5,291.5,0.340171526586621,0.340171526586621,LG,kbo-official,False
kbo-52591,yundonghui,2024,KBO,rotde,batter,27.0,613.0,141.0,0.1109298531810766,0.1859706362153344,0.1597744360902255,0.3514851485148514,0.0228384991843393,0.293,0.376,0.453,0.3630995106035888,306.5,306.5,0.3630995106035888,0.3630995106035888,롯데,kbo-official,False
kbo-78513,jeonjunu,2024,KBO,rotde,batter,27.0,483.0,109.0,0.1014492753623188,0.1739130434782608,0.1914893617021276,0.3322981366459627,0.0351966873706004,0.293,0.369,0.485,0.3720082815734989,241.5,241.5,0.3720082815734989,0.3720082815734989,롯데,kbo-official,False
kbo-66606,choewonjun,2024,KBO,KIA,batter,27.0,508.0,136.0,0.0984251968503937,0.1299212598425196,0.1278538812785388,0.3278236914600551,0.0177165354330708,0.292,0.371,0.42,0.3464566929133859,254.0,254.0,0.3464566929133859,0.3464566929133859,KIA,kbo-official,False
kbo-75847,choejeong,2024,KBO,SSG,batter,27.0,550.0,129.0,0.1018181818181818,0.2072727272727272,0.3034188034188034,0.3123028391167192,0.0672727272727272,0.291,0.384,0.594,0.4167090909090909,275.0,275.0,0.4167090909090909,0.4167090909090909,SSG,kbo-official,False
kbo-76232,yanguiji,2025,KBO,dusan,batter,27.0,517.0,130.0,0.1083172147001934,0.1218568665377176,0.1960352422907489,0.3584905660377358,0.0386847195357833,0.337,0.406,0.533,0.3999226305609284,258.5,258.5,0.3999226305609284,0.3999226305609284,두산,kbo-official,False
kbo-52001,anhyeonmin,2025,KBO,KT,batter,27.0,482.0,112.0,0.1659751037344398,0.1493775933609958,0.2354430379746835,0.3654485049833887,0.0456431535269709,0.334,0.448,0.57,0.4336514522821576,241.0,241.0,0.4336514522821576,0.4336514522821576,KT,kbo-official,False
kbo-67449,gimseongyun,2025,KBO,samseong,batter,27.0,538.0,127.0,0.120817843866171,0.1003717472118959,0.1425438596491228,0.3661616161616162,0.0111524163568773,0.331,0.419,0.474,0.3860408921933085,269.0,269.0,0.3860408921933085,0.3860408921933085,삼성,kbo-official,False
kbo-54529,reiyeseu,2025,KBO,rotde,batter,27.0,643.0,144.0,0.1166407465007776,0.1026438569206843,0.1483420593368237,0.3522267206477733,0.0202177293934681,0.326,0.386,0.475,0.357791601866252,321.5,321.5,0.357791601866252,0.357791601866252,롯데,kbo-official,False
kbo-53764,munhyeonbin,2025,KBO,hanhwa,batter,27.0,592.0,141.0,0.0675675675675675,0.1385135135135135,0.1325757575757575,0.3617511520737327,0.0202702702702702,0.32,0.37,0.453,0.3544425675675675,296.0,296.0,0.3544425675675675,0.3544425675675675,한화,kbo-official,False
kbo-62404,gujauk,2025,KBO,samseong,batter,27.0,616.0,142.0,0.1298701298701298,0.1477272727272727,0.1965973534971644,0.3579952267303102,0.0308441558441558,0.319,0.402,0.516,0.3901623376623376,308.0,308.0,0.3901623376623376,0.3901623376623376,삼성,kbo-official,False
kbo-name-songseongmun,songseongmun,2025,KBO,kium,batter,27.0,646.0,144.0,0.1130030959752322,0.1486068111455108,0.2142857142857142,0.3429203539823008,0.0402476780185758,0.315,0.387,0.53,0.3927554179566563,323.0,323.0,0.3927554179566563,0.3927554179566563,키움,kbo-official,False
kbo-54400,diajeu,2025,KBO,samseong,batter,27.0,628.0,144.0,0.1114649681528662,0.1592356687898089,0.3303085299455535,0.3067331670822942,0.0796178343949044,0.314,0.381,0.644,0.4226910828025477,314.0,314.0,0.4226910828025477,0.4226910828025477,삼성,kbo-official,False
kbo-65207,sinminjae,2025,KBO,LG,batter,27.0,538.0,135.0,0.1152416356877323,0.1059479553903345,0.0691144708423326,0.3555555555555555,0.0018587360594795,0.313,0.395,0.382,0.3457434944237918,269.0,269.0,0.3457434944237918,0.3457434944237918,LG,kbo-official,False
kbo-53123,oseutin,2025,KBO,LG,batter,27.0,499.0,116.0,0.1362725450901803,0.1242484969939879,0.2823529411764706,0.3072289156626506,0.0621242484969939,0.313,0.393,0.595,0.410440881763527,249.5,249.5,0.410440881763527,0.410440881763527,LG,kbo-official,False
kbo-72443,choehyeongu,2025,KBO,KIA,batter,27.0,549.0,133.0,0.1366120218579235,0.1785063752276867,0.2217484008528784,0.345821325648415,0.0437158469945355,0.307,0.399,0.529,0.3930783242258652,274.5,274.5,0.3930783242258652,0.3930783242258652,KIA,kbo-official,False
kbo-68119,munseongju,2025,KBO,LG,batter,27.0,542.0,135.0,0.0996309963099631,0.1088560885608856,0.0694736842105263,0.3438256658595641,0.0055350553505535,0.305,0.375,0.375,0.3355719557195572,271.0,271.0,0.3355719557195572,0.3355719557195572,LG,kbo-official,False
kbo-62907,bakminu,2025,KBO,NC,batter,27.0,468.0,117.0,0.1047008547008547,0.1367521367521367,0.1237623762376237,0.3531157270029673,0.0064102564102564,0.302,0.384,0.426,0.3485042735042735,234.0,234.0,0.3485042735042735,0.3485042735042735,NC,kbo-official,False
kbo-name-keibeu,keibeu,2025,KBO,dusan,batter,27.0,593.0,136.0,0.0741989881956155,0.1956155143338954,0.1635687732342007,0.3571428571428571,0.026981450252951,0.299,0.351,0.463,0.3533389544688027,296.5,296.5,0.3533389544688027,0.3533389544688027,두산,kbo-official,False
kbo-76290,gimhyeonsu,2025,KBO,LG,batter,27.0,552.0,140.0,0.1177536231884057,0.1322463768115942,0.124223602484472,0.3316582914572864,0.0217391304347826,0.298,0.384,0.422,0.3589673913043478,276.0,276.0,0.3589673913043478,0.3589673913043478,LG,kbo-official,False
kbo-78513,jeonjunu,2025,KBO,rotde,batter,27.0,472.0,114.0,0.097457627118644,0.1504237288135593,0.1268292682926829,0.338368580060423,0.0169491525423728,0.293,0.369,0.42,0.344385593220339,236.0,236.0,0.344385593220339,0.344385593220339,롯데,kbo-official,False
kbo-51907,gimjuwon,2025,KBO,NC,batter,27.0,624.0,144.0,0.1025641025641025,0.1778846153846154,0.1614100185528757,0.3414043583535109,0.0240384615384615,0.289,0.379,0.451,0.363798076923077,312.0,312.0,0.363798076923077,0.363798076923077,NC,kbo-official,False
kbo-79192,chaeeunseong,2025,KBO,hanhwa,batter,27.0,527.0,132.0,0.0683111954459203,0.1821631878557874,0.1791666666666666,0.3260273972602739,0.0360531309297912,0.288,0.347,0.467,0.3493358633776091,263.5,263.5,0.3493358633776091,0.3493358633776091,한화,kbo-official,False
kbo-64646,bakchanho,2025,KBO,KIA,batter,27.0,595.0,134.0,0.1042016806722689,0.1159663865546218,0.0717054263565891,0.3235294117647059,0.0084033613445378,0.287,0.363,0.359,0.3210252100840336,297.5,297.5,0.3210252100840336,0.3210252100840336,KIA,kbo-official,False
kbo-50854,choejihun,2025,KBO,SSG,batter,27.0,574.0,140.0,0.078397212543554,0.151567944250871,0.0870406189555125,0.3309692671394799,0.0121951219512195,0.284,0.342,0.371,0.3139198606271776,287.0,287.0,0.3139198606271776,0.3139198606271776,SSG,kbo-official,False
kbo-79240,heogyeongmin,2025,KBO,KT,batter,27.0,481.0,114.0,0.0831600831600831,0.0727650727650727,0.0714285714285714,0.3018372703412073,0.0083160083160083,0.283,0.362,0.355,0.3214345114345114,240.5,240.5,0.3214345114345114,0.3214345114345114,KT,kbo-official,False
kbo-62234,ryujihyeok,2025,KBO,samseong,batter,27.0,464.0,129.0,0.0711206896551724,0.1573275862068965,0.0425,0.3404907975460122,0.0021551724137931,0.28,0.351,0.323,0.2981465517241379,232.0,232.0,0.2981465517241379,0.2981465517241379,삼성,kbo-official,False
kbo-51868,gomyeongjun,2025,KBO,SSG,batter,27.0,500.0,130.0,0.042,0.198,0.1549893842887473,0.3211267605633803,0.034,0.278,0.306,0.433,0.32008,250.0,250.0,0.32008,0.32008,SSG,kbo-official,False
kbo-62415,bakhaemin,2025,KBO,LG,batter,27.0,544.0,144.0,0.125,0.1727941176470588,0.0701357466063348,0.344927536231884,0.0055147058823529,0.276,0.379,0.346,0.3183639705882353,272.0,272.0,0.3183639705882353,0.3183639705882353,LG,kbo-official,False
kbo-69102,munbogyeong,2025,KBO,LG,batter,27.0,607.0,141.0,0.1350906095551894,0.1779242174629324,0.1844660194174757,0.3080939947780678,0.0395387149917627,0.276,0.371,0.46,0.3615321252059308,303.5,303.5,0.3615321252059308,0.3615321252059308,LG,kbo-official,False
kbo-76267,choejuhwan,2025,KBO,kium,batter,27.0,506.0,120.0,0.075098814229249,0.1304347826086956,0.1503267973856209,0.2992125984251969,0.0237154150197628,0.275,0.33,0.425,0.3285177865612648,253.0,253.0,0.3285177865612648,0.3285177865612648,키움,kbo-official,False
kbo-67893,bakseonghan,2025,KBO,SSG,batter,27.0,538.0,127.0,0.1486988847583643,0.1728624535315985,0.1061946902654867,0.3323863636363636,0.0130111524163568,0.274,0.384,0.381,0.3438847583643122,269.0,269.0,0.3438847583643122,0.3438847583643122,SSG,kbo-official,False
kbo-62895,hanyuseom,2025,KBO,SSG,batter,27.0,511.0,128.0,0.0958904109589041,0.2348336594911937,0.1516483516483516,0.340625,0.0293542074363992,0.273,0.347,0.424,0.3372602739726027,255.5,255.5,0.3372602739726027,0.3372602739726027,SSG,kbo-official,False
kbo-69517,goseungmin,2025,KBO,rotde,batter,27.0,538.0,121.0,0.1059479553903345,0.1542750929368029,0.0788912579957356,0.3219895287958115,0.0074349442379182,0.271,0.35,0.35,0.311189591078067,269.0,269.0,0.311189591078067,0.311189591078067,롯데,kbo-official,False
kbo-74540,gangminho,2025,KBO,samseong,batter,27.0,465.0,127.0,0.0903225806451612,0.1483870967741935,0.1480582524271844,0.2990936555891239,0.0258064516129032,0.269,0.336,0.417,0.3253333333333334,232.5,232.5,0.3253333333333334,0.3253333333333334,삼성,kbo-official,False
kbo-62404,구자욱,2026,KBO,삼성,batter,27.0,482.0,110.0,0.13485477178423236,0.14315352697095435,0.19852941176470587,0.4123076923076923,0.029045643153526972,0.363,0.449,0.561,0.4335892116182572,241.0,241.0,0.4335892116182572,0.4335892116182572,삼성,kbo-official,False
kbo-54529,레이예스,2026,KBO,롯데,batter,27.0,566.0,129.0,0.09187279151943463,0.10777385159010601,0.16279069767441862,0.38181818181818183,0.026501766784452298,0.355,0.406,0.517,0.3947703180212014,283.0,283.0,0.3947703180212014,0.3947703180212014,롯데,kbo-official,False
kbo-66606,최원준,2026,KBO,KT,batter,27.0,598.0,125.0,0.11371237458193979,0.13712374581939799,0.1298449612403101,0.3976470588235294,0.015050167224080268,0.345,0.425,0.475,0.39523411371237455,299.0,299.0,0.39523411371237455,0.39523411371237455,KT,kbo-official,False
kbo-53123,오스틴,2026,KBO,LG,batter,27.0,583.0,131.0,0.14065180102915953,0.1423670668953688,0.31983805668016196,0.34946236559139787,0.06689536878216124,0.342,0.436,0.662,0.4571526586620926,291.5,291.5,0.4571526586620926,0.4571526586620926,LG,kbo-official,False
kbo-67893,박성한,2026,KBO,SSG,batter,27.0,573.0,132.0,0.14485165794066318,0.1343804537521815,0.09034907597535935,0.3866995073891626,0.006980802792321117,0.331,0.426,0.421,0.3772774869109948,286.5,286.5,0.3772774869109948,0.3772774869109948,SSG,kbo-official,False
kbo-50458,김지찬,2026,KBO,삼성,batter,27.0,493.0,123.0,0.12170385395537525,0.07707910750507099,0.04819277108433735,0.35278514588859416,0.0,0.32,0.409,0.369,0.34369168356997964,246.5,246.5,0.34369168356997964,0.34369168356997964,삼성,kbo-official,False
kbo-62907,박민우,2026,KBO,NC,batter,27.0,500.0,123.0,0.12,0.126,0.11655011655011654,0.362116991643454,0.014,0.319,0.407,0.436,0.37151999999999996,250.0,250.0,0.37151999999999996,0.37151999999999996,NC,kbo-official,False
kbo-72443,최형우,2026,KBO,삼성,batter,27.0,531.0,124.0,0.1318267419962335,0.17890772128060264,0.16592920353982302,0.36764705882352944,0.032015065913371,0.314,0.401,0.48,0.38126177024482105,265.5,265.5,0.38126177024482105,0.38126177024482105,삼성,kbo-official,False
kbo-52605,김도영,2026,KBO,KIA,batter,27.0,538.0,123.0,0.16171003717472118,0.1691449814126394,0.328159645232816,0.3125,0.07434944237918216,0.31,0.414,0.639,0.43524163568773233,269.0,269.0,0.43524163568773233,0.43524163568773233,KIA,kbo-official,False
kbo-78168,서건창,2026,KBO,키움,batter,27.0,448.0,98.0,0.11160714285714286,0.10714285714285714,0.08333333333333333,0.3483483483483483,0.006696428571428571,0.31,0.397,0.393,0.34591517857142856,224.0,224.0,0.34591517857142856,0.34591517857142856,키움,kbo-official,False
kbo-53554,김민석,2026,KBO,두산,batter,27.0,468.0,123.0,0.10256410256410256,0.17094017094017094,0.10194174757281553,0.3730886850152905,0.010683760683760684,0.308,0.386,0.41,0.3546367521367522,234.0,234.0,0.3546367521367522,0.3546367521367522,두산,kbo-official,False
kbo-53764,문현빈,2026,KBO,한화,batter,27.0,554.0,123.0,0.10649819494584838,0.12274368231046931,0.16977225672877846,0.33,0.02707581227436823,0.304,0.384,0.474,0.37536101083032486,277.0,277.0,0.37536101083032486,0.37536101083032486,한화,kbo-official,False
kbo-56034,힐리어드,2026,KBO,KT,batter,27.0,566.0,127.0,0.10247349823321555,0.2826855123674912,0.276,0.3795379537953795,0.06537102473498234,0.304,0.373,0.58,0.4068904593639576,283.0,283.0,0.4068904593639576,0.4068904593639576,KT,kbo-official,False
kbo-54400,디아즈,2026,KBO,삼성,batter,27.0,580.0,131.0,0.12241379310344827,0.16206896551724137,0.20436507936507936,0.3316062176165803,0.041379310344827586,0.302,0.379,0.506,0.37867241379310346,290.0,290.0,0.37867241379310346,0.37867241379310346,삼성,kbo-official,False
kbo-79215,박건우,2026,KBO,NC,batter,27.0,494.0,125.0,0.11740890688259109,0.15991902834008098,0.18925233644859812,0.3282674772036474,0.04048582995951417,0.299,0.371,0.488,0.3656477732793522,247.0,247.0,0.3656477732793522,0.3656477732793522,NC,kbo-official,False
kbo-67449,김성윤,2026,KBO,삼성,batter,27.0,439.0,112.0,0.1070615034168565,0.0979498861047836,0.08266666666666667,0.331306990881459,0.00683371298405467,0.299,0.377,0.381,0.33138952164009117,219.5,219.5,0.33138952164009117,0.33138952164009117,삼성,kbo-official,False
kbo-62947,나성범,2026,KBO,KIA,batter,27.0,520.0,126.0,0.1076923076923077,0.27115384615384613,0.24336283185840707,0.3745583038869258,0.05384615384615385,0.296,0.375,0.54,0.39219230769230773,260.0,260.0,0.39219230769230773,0.39219230769230773,KIA,kbo-official,False
kbo-55636,박재현,2026,KBO,KIA,batter,27.0,504.0,120.0,0.05952380952380952,0.19246031746031747,0.18201284796573874,0.33994334277620397,0.03373015873015873,0.293,0.333,0.475,0.34361111111111114,252.0,252.0,0.34361111111111114,0.34361111111111114,KIA,kbo-official,False
kbo-63260,이우성,2026,KBO,NC,batter,27.0,419.0,115.0,0.059665871121718374,0.14797136038186157,0.09511568123393316,0.3364485981308411,0.014319809069212411,0.293,0.337,0.388,0.31973747016706444,209.5,209.5,0.31973747016706444,0.31973747016706444,NC,kbo-official,False
kbo-54730,페라자,2026,KBO,한화,batter,27.0,530.0,124.0,0.17169811320754716,0.18867924528301888,0.2152777777777778,0.33974358974358976,0.03773584905660377,0.292,0.411,0.507,0.3942830188679246,265.0,265.0,0.3942830188679246,0.3942830188679246,한화,kbo-official,False
kbo-62415,박해민,2026,KBO,LG,batter,27.0,531.0,131.0,0.09416195856873823,0.11299435028248588,0.07674943566591422,0.32981530343007914,0.007532956685499058,0.291,0.37,0.368,0.3208474576271187,265.5,265.5,0.3208474576271187,0.3208474576271187,LG,kbo-official,False
kbo-62234,류지혁,2026,KBO,삼성,batter,27.0,498.0,127.0,0.11044176706827309,0.14457831325301204,0.10613207547169812,0.3400576368876081,0.010040160642570281,0.29,0.381,0.396,0.3423895582329317,249.0,249.0,0.3423895582329317,0.3423895582329317,삼성,kbo-official,False
kbo-52764,허인서,2026,KBO,한화,batter,27.0,411.0,116.0,0.08029197080291971,0.2822384428223844,0.1994535519125683,0.37662337662337664,0.046228710462287104,0.29,0.355,0.489,0.3629683698296837,205.5,205.5,0.3629683698296837,0.3629683698296837,한화,kbo-official,False
kbo-51907,김주원,2026,KBO,NC,batter,27.0,547.0,121.0,0.08957952468007313,0.12979890310786105,0.15657620041753653,0.3076923076923077,0.03290676416819013,0.288,0.37,0.445,0.3580804387568556,273.5,273.5,0.3580804387568556,0.3580804387568556,NC,kbo-official,False
kbo-50500,황성빈,2026,KBO,롯데,batter,27.0,448.0,108.0,0.05580357142857143,0.13839285714285715,0.08048780487804878,0.3390804597701149,0.0,0.288,0.336,0.368,0.3098214285714285,224.0,224.0,0.3098214285714285,0.3098214285714285,롯데,kbo-official,False
kbo-68050,강백호,2026,KBO,한화,batter,27.0,512.0,117.0,0.107421875,0.20703125,0.25934065934065936,0.30914826498422715,0.0625,0.286,0.355,0.545,0.38138671874999996,256.0,256.0,0.38138671874999996,0.38138671874999996,한화,kbo-official,False
kbo-76290,김현수,2026,KBO,KT,batter,27.0,564.0,128.0,0.09042553191489362,0.11347517730496454,0.12301587301587301,0.3076923076923077,0.01950354609929078,0.284,0.353,0.407,0.3375709219858156,282.0,282.0,0.3375709219858156,0.3375709219858156,KT,kbo-official,False
kbo-64646,박찬호,2026,KBO,두산,batter,27.0,558.0,131.0,0.0967741935483871,0.13082437275985664,0.08775510204081632,0.32281553398058255,0.008960573476702509,0.282,0.351,0.369,0.3167921146953405,279.0,279.0,0.3167921146953405,0.3167921146953405,두산,kbo-official,False
kbo-54944,데이비슨,2026,KBO,키움,batter,27.0,476.0,114.0,0.06092436974789916,0.24579831932773108,0.20952380952380953,0.34397163120567376,0.04411764705882353,0.281,0.357,0.49,0.3692857142857143,238.0,238.0,0.3692857142857143,0.3692857142857143,키움,kbo-official,False
kbo-69737,노시환,2026,KBO,한화,batter,27.0,533.0,118.0,0.0900562851782364,0.2607879924953096,0.22127659574468084,0.34539473684210525,0.05065666041275797,0.281,0.359,0.502,0.37504690431519694,266.5,266.5,0.37504690431519694,0.37504690431519694,한화,kbo-official,False
